BarCode,PlateType,Style,Fluid,Conc,Vol,Version,Filename,Arena Part Number
8111--2#########,384LDVS_PLUS_AQ_GP,UCP,GLY,-,-,2,\\fserver\people\Arne\PYTHON\pyCyte\PlateQC\PlateMaps\\384LDVS_PLUS_AQ_GP\\001-15378__8111--2__384LDVS_PLUS_AQ_GP__UCP__-__GLY__v2.csv,001-15378
8141a-2#########,384LDVS_PLUS_AQ_GP,FT,GLY,0,-,2,\\fserver\people\Arne\PYTHON\pyCyte\PlateQC\PlateMaps\\384LDVS_PLUS_AQ_GP\\001-14406__8141a-2__384LDVS_PLUS_AQ_GP__FT__0__GLY__v2.csv,001-14406
8141b-2#########,384LDVS_PLUS_AQ_GP,FT,GLY,10,-,2,\\fserver\people\Arne\PYTHON\pyCyte\PlateQC\PlateMaps\\384LDVS_PLUS_AQ_GP\\001-14406__8141b-2__384LDVS_PLUS_AQ_GP__FT__10__GLY__v2.csv,001-14406
8141c-2#########,384LDVS_PLUS_AQ_GP,FT,GLY,20,-,2,\\fserver\people\Arne\PYTHON\pyCyte\PlateQC\PlateMaps\\384LDVS_PLUS_AQ_GP\\001-14407__8141c-2__384LDVS_PLUS_AQ_GP__FT__20__GLY__v2.csv,001-14407
8141d-2#########,384LDVS_PLUS_AQ_GP,FT,GLY,30,-,2,\\fserver\people\Arne\PYTHON\pyCyte\PlateQC\PlateMaps\\384LDVS_PLUS_AQ_GP\\001-14408__8141d-2__384LDVS_PLUS_AQ_GP__FT__30__GLY__v2.csv,001-14408
8141e-2#########,384LDVS_PLUS_AQ_GP,FT,GLY,40,-,2,\\fserver\people\Arne\PYTHON\pyCyte\PlateQC\PlateMaps\\384LDVS_PLUS_AQ_GP\\001-14409__8141e-2__384LDVS_PLUS_AQ_GP__FT__40__GLY__v2.csv,001-14409
8141f-2#########,384LDVS_PLUS_AQ_GP,FT,GLY,50,-,2,\\fserver\people\Arne\PYTHON\pyCyte\PlateQC\PlateMaps\\384LDVS_PLUS_AQ_GP\\001-14410__8141f-2__384LDVS_PLUS_AQ_GP__FT__50__GLY__v2.csv,001-14410
8161-h3#########,384LDVS_PLUS_AQ_GP,DD,GLY,-,14,3,\\fserver\people\Arne\PYTHON\pyCyte\PlateQC\PlateMaps\\384LDVS_PLUS_AQ_GP\\001-14418__8161-h2__384LDVS_PLUS_AQ_GP__DD__-__GLY__14uL__v2.csv,001-14418
11326-2#########,384LDVS_AQ_B2,ICP,AQ,100,-,2,\\fserver\people\Arne\PYTHON\pyCyte\PlateQC\PlateMaps\\384LDVS_AQ_B2\\001-13592__11326-2__384LDVS_AQ_B2__ICP__100__AQ__v2.csv,001-13592
1152602#########,384LDVS_AQ_B2,FF,AQ,100,2.75,2,\\fserver\people\Arne\PYTHON\pyCyte\PlateQC\PlateMaps\\384LDVS_AQ_B2\\001-13593__1152602__384LDVS_AQ_B2__FF__100__AQ__2.75uL__v2.csv,001-13593
1152612#########,384LDVS_AQ_B2,FF,AQ,100,4,2,\\fserver\people\Arne\PYTHON\pyCyte\PlateQC\PlateMaps\\384LDVS_AQ_B2\\001-13594__1152612__384LDVS_AQ_B2__FF__100__AQ__4uL__v2.csv,001-13594
1152622#########,384LDVS_AQ_B2,FF,AQ,100,6,2,\\fserver\people\Arne\PYTHON\pyCyte\PlateQC\PlateMaps\\384LDVS_AQ_B2\\001-13595__1152622__384LDVS_AQ_B2__FF__100__AQ__6uL__v2.csv,001-13595
1152632#########,384LDVS_AQ_B2,FF,AQ,100,7,2,\\fserver\people\Arne\PYTHON\pyCyte\PlateQC\PlateMaps\\384LDVS_AQ_B2\\001-13596__1152632__384LDVS_AQ_B2__FF__100__AQ__7uL__v2.csv,001-13596
1152642#########,384LDVS_AQ_B2,FF,AQ,100,8,2,\\fserver\people\Arne\PYTHON\pyCyte\PlateQC\PlateMaps\\384LDVS_AQ_B2\\001-13597__1152642__384LDVS_AQ_B2__FF__100__AQ__8uL__v2.csv,001-13597
1152652#########,384LDVS_AQ_B2,FF,AQ,100,9,2,\\fserver\people\Arne\PYTHON\pyCyte\PlateQC\PlateMaps\\384LDVS_AQ_B2\\001-13598__1152652__384LDVS_AQ_B2__FF__100__AQ__9uL__v2.csv,001-13598
1152662#########,384LDVS_AQ_B2,FF,AQ,100,10,2,\\fserver\people\Arne\PYTHON\pyCyte\PlateQC\PlateMaps\\384LDVS_AQ_B2\\001-13599__1152662__384LDVS_AQ_B2__FF__100__AQ__10uL__v2.csv,001-13599
1152672#########,384LDVS_AQ_B2,FF,AQ,100,12,2,\\fserver\people\Arne\PYTHON\pyCyte\PlateQC\PlateMaps\\384LDVS_AQ_B2\\001-13600__1152672__384LDVS_AQ_B2__FF__100__AQ__12uL__v2.csv,001-13600
1211a-2#########,384LDVS_AQ_GP,UCP,GLY,0,-,2,\\fserver\people\Arne\PYTHON\pyCyte\PlateQC\PlateMaps\\384LDVS_AQ_GP\\001-15381__1211a-2__384LDVS_AQ_GP__UCP__0__GLY__v2.csv,001-15381
1211b-2#########,384LDVS_AQ_GP,UCP,GLY,10,-,2,\\fserver\people\Arne\PYTHON\pyCyte\PlateQC\PlateMaps\\384LDVS_AQ_GP\\001-15382__1211b-2__384LDVS_AQ_GP__UCP__10__GLY__v2.csv,001-15382
1211c-2#########,384LDVS_AQ_GP,UCP,GLY,20,-,2,\\fserver\people\Arne\PYTHON\pyCyte\PlateQC\PlateMaps\\384LDVS_AQ_GP\\001-15383__1211c-2__384LDVS_AQ_GP__UCP__20__GLY__v2.csv,001-15383
20000-2#########,384PPG_DMSO2,SIG,DMSO,70,-,2,\\fserver\people\Arne\PYTHON\pyCyte\PlateQC\PlateMaps\\384PPG_DMSO2\\XXX-YYYYY__20000-2__384PPG_DMSO2__SIG__70__DMSO__v2.csv,XXX-YYYYY
20001-2#########,384PPG_DMSO2,SIG,DMSO,75,-,2,\\fserver\people\Arne\PYTHON\pyCyte\PlateQC\PlateMaps\\384PPG_DMSO2\\XXX-YYYYY__20001-2__384PPG_DMSO2__SIG__75__DMSO__v2.csv,XXX-YYYYY
20002-2#########,384PPG_DMSO2,SIG,DMSO,80,-,2,\\fserver\people\Arne\PYTHON\pyCyte\PlateQC\PlateMaps\\384PPG_DMSO2\\XXX-YYYYY__20002-2__384PPG_DMSO2__SIG__80__DMSO__v2.csv,XXX-YYYYY
20003-2#########,384PPG_DMSO2,SIG,DMSO,85,-,2,\\fserver\people\Arne\PYTHON\pyCyte\PlateQC\PlateMaps\\384PPG_DMSO2\\XXX-YYYYY__20003-2__384PPG_DMSO2__SIG__85__DMSO__v2.csv,XXX-YYYYY
20004-2#########,384PPG_DMSO2,SIG,DMSO,90,-,2,\\fserver\people\Arne\PYTHON\pyCyte\PlateQC\PlateMaps\\384PPG_DMSO2\\XXX-YYYYY__20004-2__384PPG_DMSO2__SIG__90__DMSO__v2.csv,XXX-YYYYY
20005-2#########,384PPG_DMSO2,SIG,DMSO,95,-,2,\\fserver\people\Arne\PYTHON\pyCyte\PlateQC\PlateMaps\\384PPG_DMSO2\\XXX-YYYYY__20005-2__384PPG_DMSO2__SIG__95__DMSO__v2.csv,XXX-YYYYY
20006-2#########,384PPG_DMSO2,SIG,DMSO,100,-,2,\\fserver\people\Arne\PYTHON\pyCyte\PlateQC\PlateMaps\\384PPG_DMSO2\\XXX-YYYYY__20006-2__384PPG_DMSO2__SIG__100__DMSO__v2.csv,XXX-YYYYY
2010--2#########,384PPG_DMSO2,UCP,DMSO,-,-,2,\\fserver\people\Arne\PYTHON\pyCyte\PlateQC\PlateMaps\\384PPG_DMSO2\\001-13553__2010--2__384PPG_DMSO2__UCP__-__DMSO__v2.csv,001-13553
2030--2#########,384PPG_DMSO2,ICP,DMSO,-,-,2,\\fserver\people\Arne\PYTHON\pyCyte\PlateQC\PlateMaps\\384PPG_DMSO2\\XXX-YYYYY__2030--2__384PPG_DMSO2__ICP__-__DMSO__v2.csv,XXX-YYYYY
20400-2#########,384PPG_DMSO2,FT,DMSO,70,-,2,\\fserver\people\Arne\PYTHON\pyCyte\PlateQC\PlateMaps\\384PPG_DMSO2\\001-13322__20400-2__384PPG_DMSO2__FT__70__DMSO__v2.csv,001-13322
20401-2#########,384PPG_DMSO2,FT,DMSO,75,-,2,\\fserver\people\Arne\PYTHON\pyCyte\PlateQC\PlateMaps\\384PPG_DMSO2\\001-13323__20401-2__384PPG_DMSO2__FT__75__DMSO__v2.csv,001-13323
20402-2#########,384PPG_DMSO2,FT,DMSO,80,-,2,\\fserver\people\Arne\PYTHON\pyCyte\PlateQC\PlateMaps\\384PPG_DMSO2\\001-13324__20402-2__384PPG_DMSO2__FT__80__DMSO__v2.csv,001-13324
20403-2#########,384PPG_DMSO2,FT,DMSO,85,-,2,\\fserver\people\Arne\PYTHON\pyCyte\PlateQC\PlateMaps\\384PPG_DMSO2\\001-13325__20403-2__384PPG_DMSO2__FT__85__DMSO__v2.csv,001-13325
20404-2#########,384PPG_DMSO2,FT,DMSO,90,-,2,\\fserver\people\Arne\PYTHON\pyCyte\PlateQC\PlateMaps\\384PPG_DMSO2\\001-13326__20404-2__384PPG_DMSO2__FT__90__DMSO__v2.csv,001-13326
20405-2#########,384PPG_DMSO2,FT,DMSO,95,-,2,\\fserver\people\Arne\PYTHON\pyCyte\PlateQC\PlateMaps\\384PPG_DMSO2\\001-13327__20405-2__384PPG_DMSO2__FT__95__DMSO__v2.csv,001-13327
20406-2#########,384PPG_DMSO2,FT,DMSO,100,-,2,\\fserver\people\Arne\PYTHON\pyCyte\PlateQC\PlateMaps\\384PPG_DMSO2\\001-13328__20406-2__384PPG_DMSO2__FT__100__DMSO__v2.csv,001-13328
50000-2#########,384PPL_DMSO2,SIG,DMSO,70,-,2,\\fserver\people\Arne\PYTHON\pyCyte\PlateQC\PlateMaps\\384PPL_DMSO2\\001-13555__50000-2__384PPL_DMSO2__SIG__70__DMSO__v2.csv,001-13555
50001-2#########,384PPL_DMSO2,SIG,DMSO,75,-,2,\\fserver\people\Arne\PYTHON\pyCyte\PlateQC\PlateMaps\\384PPL_DMSO2\\XXX-YYYYY__50001-2__384PPL_DMSO2__SIG__75__DMSO__v2.csv,XXX-YYYYY
50002-2#########,384PPL_DMSO2,SIG,DMSO,80,-,2,\\fserver\people\Arne\PYTHON\pyCyte\PlateQC\PlateMaps\\384PPL_DMSO2\\001-13556__50002-2__384PPL_DMSO2__SIG__80__DMSO__v2.csv,001-13556
50003-2#########,384PPL_DMSO2,SIG,DMSO,85,-,2,\\fserver\people\Arne\PYTHON\pyCyte\PlateQC\PlateMaps\\384PPL_DMSO2\\XXX-YYYYY__50003-2__384PPL_DMSO2__SIG__85__DMSO__v2.csv,XXX-YYYYY
50004-2#########,384PPL_DMSO2,SIG,DMSO,90,-,2,\\fserver\people\Arne\PYTHON\pyCyte\PlateQC\PlateMaps\\384PPL_DMSO2\\001-13557__50004-2__384PPL_DMSO2__SIG__90__DMSO__v2.csv,001-13557
50005-2#########,384PPL_DMSO2,SIG,DMSO,95,-,2,\\fserver\people\Arne\PYTHON\pyCyte\PlateQC\PlateMaps\\384PPL_DMSO2\\XXX-YYYYY__50005-2__384PPL_DMSO2__SIG__95__DMSO__v2.csv,XXX-YYYYY
50006-2#########,384PPL_DMSO2,SIG,DMSO,100,-,2,\\fserver\people\Arne\PYTHON\pyCyte\PlateQC\PlateMaps\\384PPL_DMSO2\\001-13558__50006-2__384PPL_DMSO2__SIG__100__DMSO__v2.csv,001-13558
5010--2#########,384PPL_DMSO2,UCP,DMSO,-,-,2,\\fserver\people\Arne\PYTHON\pyCyte\PlateQC\PlateMaps\\384PPL_DMSO2\\001-13298__5010--2__384PPL_DMSO2__UCP__-__DMSO__v2.csv,001-13298
5030--2#########,384PPL_DMSO2,ICP,DMSO,-,-,2,\\fserver\people\Arne\PYTHON\pyCyte\PlateQC\PlateMaps\\384PPL_DMSO2\\XXX-YYYYY__5030--2__384PPL_DMSO2__ICP__-__DMSO__v2.csv,XXX-YYYYY
50400-2#########,384PPL_DMSO2,FT,DMSO,70,-,2,\\fserver\people\Arne\PYTHON\pyCyte\PlateQC\PlateMaps\\384PPL_DMSO2\\001-13341__50400-2__384PPL_DMSO2__FT__70__DMSO__v2.csv,001-13341
50401-2#########,384PPL_DMSO2,FT,DMSO,75,-,2,\\fserver\people\Arne\PYTHON\pyCyte\PlateQC\PlateMaps\\384PPL_DMSO2\\001-13342__50401-2__384PPL_DMSO2__FT__75__DMSO__v2.csv,001-13342
50402-2#########,384PPL_DMSO2,FT,DMSO,80,-,2,\\fserver\people\Arne\PYTHON\pyCyte\PlateQC\PlateMaps\\384PPL_DMSO2\\001-13343__50402-2__384PPL_DMSO2__FT__80__DMSO__v2.csv,001-13343
50403-2#########,384PPL_DMSO2,FT,DMSO,85,-,2,\\fserver\people\Arne\PYTHON\pyCyte\PlateQC\PlateMaps\\384PPL_DMSO2\\001-13344__50403-2__384PPL_DMSO2__FT__85__DMSO__v2.csv,001-13344
50404-2#########,384PPL_DMSO2,FT,DMSO,90,-,2,\\fserver\people\Arne\PYTHON\pyCyte\PlateQC\PlateMaps\\384PPL_DMSO2\\001-13345__50404-2__384PPL_DMSO2__FT__90__DMSO__v2.csv,001-13345
50405-2#########,384PPL_DMSO2,FT,DMSO,95,-,2,\\fserver\people\Arne\PYTHON\pyCyte\PlateQC\PlateMaps\\384PPL_DMSO2\\001-13346__50405-2__384PPL_DMSO2__FT__95__DMSO__v2.csv,001-13346
50406-2#########,384PPL_DMSO2,FT,DMSO,100,-,2,\\fserver\people\Arne\PYTHON\pyCyte\PlateQC\PlateMaps\\384PPL_DMSO2\\001-13347__50406-2__384PPL_DMSO2__FT__100__DMSO__v2.csv,001-13347
10000-2#########,384LDVS_DMSO,SIG,DMSO,70,-,2,\\fserver\people\Arne\PYTHON\pyCyte\PlateQC\PlateMaps\\384LDVS_DMSO\\001-13738__10000-2__384LDVS_DMSO__SIG__70__DMSO__v2.csv,001-13738
10001-2#########,384LDVS_DMSO,SIG,DMSO,75,-,2,\\fserver\people\Arne\PYTHON\pyCyte\PlateQC\PlateMaps\\384LDVS_DMSO\\XXX-YYYYY__10001-2__384LDVS_DMSO__SIG__75__DMSO__v2.csv,XXX-YYYYY
10002-2#########,384LDVS_DMSO,SIG,DMSO,80,-,2,\\fserver\people\Arne\PYTHON\pyCyte\PlateQC\PlateMaps\\384LDVS_DMSO\\001-13739__10002-2__384LDVS_DMSO__SIG__80__DMSO__v2.csv,001-13739
10003-2#########,384LDVS_DMSO,SIG,DMSO,85,-,2,\\fserver\people\Arne\PYTHON\pyCyte\PlateQC\PlateMaps\\384LDVS_DMSO\\XXX-YYYYY__10003-2__384LDVS_DMSO__SIG__85__DMSO__v2.csv,XXX-YYYYY
10004-2#########,384LDVS_DMSO,SIG,DMSO,90,-,2,\\fserver\people\Arne\PYTHON\pyCyte\PlateQC\PlateMaps\\384LDVS_DMSO\\001-13740__10004-2__384LDVS_DMSO__SIG__90__DMSO__v2.csv,001-13740
10005-2#########,384LDVS_DMSO,SIG,DMSO,95,-,2,\\fserver\people\Arne\PYTHON\pyCyte\PlateQC\PlateMaps\\384LDVS_DMSO\\XXX-YYYYY__10005-2__384LDVS_DMSO__SIG__95__DMSO__v2.csv,XXX-YYYYY
10006-2#########,384LDVS_DMSO,SIG,DMSO,100,-,2,\\fserver\people\Arne\PYTHON\pyCyte\PlateQC\PlateMaps\\384LDVS_DMSO\\001-13741__10006-2__384LDVS_DMSO__SIG__100__DMSO__v2.csv,001-13741
1010--2#########,384LDVS_DMSO,UCP,DMSO,-,-,2,\\fserver\people\Arne\PYTHON\pyCyte\PlateQC\PlateMaps\\384LDVS_DMSO\\001-13691__1010--2__384LDVS_DMSO__UCP__-__DMSO__v2.csv,001-13691
1030--2#########,384LDVS_DMSO,ICP,DMSO,-,-,2,\\fserver\people\Arne\PYTHON\pyCyte\PlateQC\PlateMaps\\384LDVS_DMSO\\XXX-YYYYY__1030--2__384LDVS_DMSO__ICP__-__DMSO__v2.csv,XXX-YYYYY
10400-2#########,384LDVS_DMSO,FT,DMSO,70,-,2,\\fserver\people\Arne\PYTHON\pyCyte\PlateQC\PlateMaps\\384LDVS_DMSO\\001-13742__10400-2__384LDVS_DMSO__FT__70__DMSO__v2.csv,001-13742
10401-2#########,384LDVS_DMSO,FT,DMSO,75,-,2,\\fserver\people\Arne\PYTHON\pyCyte\PlateQC\PlateMaps\\384LDVS_DMSO\\001-13743__10401-2__384LDVS_DMSO__FT__75__DMSO__v2.csv,001-13743
10402-2#########,384LDVS_DMSO,FT,DMSO,80,-,2,\\fserver\people\Arne\PYTHON\pyCyte\PlateQC\PlateMaps\\384LDVS_DMSO\\001-13744__10402-2__384LDVS_DMSO__FT__80__DMSO__v2.csv,001-13744
10403-2#########,384LDVS_DMSO,FT,DMSO,85,-,2,\\fserver\people\Arne\PYTHON\pyCyte\PlateQC\PlateMaps\\384LDVS_DMSO\\001-13745__10403-2__384LDVS_DMSO__FT__85__DMSO__v2.csv,001-13745
10404-2#########,384LDVS_DMSO,FT,DMSO,90,-,2,\\fserver\people\Arne\PYTHON\pyCyte\PlateQC\PlateMaps\\384LDVS_DMSO\\001-13746__10404-2__384LDVS_DMSO__FT__90__DMSO__v2.csv,001-13746
10405-2#########,384LDVS_DMSO,FT,DMSO,95,-,2,\\fserver\people\Arne\PYTHON\pyCyte\PlateQC\PlateMaps\\384LDVS_DMSO\\001-13747__10405-2__384LDVS_DMSO__FT__95__DMSO__v2.csv,001-13747
10406-2#########,384LDVS_DMSO,FT,DMSO,100,-,2,\\fserver\people\Arne\PYTHON\pyCyte\PlateQC\PlateMaps\\384LDVS_DMSO\\001-13748__10406-2__384LDVS_DMSO__FT__100__DMSO__v2.csv,001-13748
00000-2#########,1536LDVS_DMSO,SIG,DMSO,70,-,2,\\fserver\people\Arne\PYTHON\pyCyte\PlateQC\PlateMaps\\1536LDVS_DMSO\\001-13578__00000-2__1536LDVS_DMSO__SIG__70__DMSO__v2.csv,001-13578
00001-2#########,1536LDVS_DMSO,SIG,DMSO,75,-,2,\\fserver\people\Arne\PYTHON\pyCyte\PlateQC\PlateMaps\\1536LDVS_DMSO\\XXX-YYYYY__00001-2__1536LDVS_DMSO__SIG__75__DMSO__v2.csv,XXX-YYYYY
00002-2#########,1536LDVS_DMSO,SIG,DMSO,80,-,2,\\fserver\people\Arne\PYTHON\pyCyte\PlateQC\PlateMaps\\1536LDVS_DMSO\\001-13579__00002-2__1536LDVS_DMSO__SIG__80__DMSO__v2.csv,001-13579
00003-2#########,1536LDVS_DMSO,SIG,DMSO,85,-,2,\\fserver\people\Arne\PYTHON\pyCyte\PlateQC\PlateMaps\\1536LDVS_DMSO\\XXX-YYYYY__00003-2__1536LDVS_DMSO__SIG__85__DMSO__v2.csv,XXX-YYYYY
00004-2#########,1536LDVS_DMSO,SIG,DMSO,90,-,2,\\fserver\people\Arne\PYTHON\pyCyte\PlateQC\PlateMaps\\1536LDVS_DMSO\\001-13580__00004-2__1536LDVS_DMSO__SIG__90__DMSO__v2.csv,001-13580
00005-2#########,1536LDVS_DMSO,SIG,DMSO,95,-,2,\\fserver\people\Arne\PYTHON\pyCyte\PlateQC\PlateMaps\\1536LDVS_DMSO\\XXX-YYYYY__00005-2__1536LDVS_DMSO__SIG__95__DMSO__v2.csv,XXX-YYYYY
00006-2#########,1536LDVS_DMSO,SIG,DMSO,100,-,2,\\fserver\people\Arne\PYTHON\pyCyte\PlateQC\PlateMaps\\1536LDVS_DMSO\\001-13581__00006-2__1536LDVS_DMSO__SIG__100__DMSO__v2.csv,001-13581
0010--2#########,1536LDVS_DMSO,UCP,DMSO,-,-,2,\\fserver\people\Arne\PYTHON\pyCyte\PlateQC\PlateMaps\\1536LDVS_DMSO\\XXX-YYYYY__0010--2__1536LDVS_DMSO__UCP__-__DMSO__v2.csv,XXX-YYYYY
0030--2#########,1536LDVS_DMSO,ICP,DMSO,-,-,2,\\fserver\people\Arne\PYTHON\pyCyte\PlateQC\PlateMaps\\1536LDVS_DMSO\\001-13577__0030--2__1536LDVS_DMSO__ICP__-__DMSO__v2.csv,001-13577
00400-2#########,1536LDVS_DMSO,FT,DMSO,70,-,2,\\fserver\people\Arne\PYTHON\pyCyte\PlateQC\PlateMaps\\1536LDVS_DMSO\\001-13570__00400-2__1536LDVS_DMSO__FT__70__DMSO__v2.csv,001-13570
00401-2#########,1536LDVS_DMSO,FT,DMSO,75,-,2,\\fserver\people\Arne\PYTHON\pyCyte\PlateQC\PlateMaps\\1536LDVS_DMSO\\001-13571__00401-2__1536LDVS_DMSO__FT__75__DMSO__v2.csv,001-13571
00402-2#########,1536LDVS_DMSO,FT,DMSO,80,-,2,\\fserver\people\Arne\PYTHON\pyCyte\PlateQC\PlateMaps\\1536LDVS_DMSO\\001-13572__00402-2__1536LDVS_DMSO__FT__80__DMSO__v2.csv,001-13572
00403-2#########,1536LDVS_DMSO,FT,DMSO,85,-,2,\\fserver\people\Arne\PYTHON\pyCyte\PlateQC\PlateMaps\\1536LDVS_DMSO\\001-13573__00403-2__1536LDVS_DMSO__FT__85__DMSO__v2.csv,001-13573
00404-2#########,1536LDVS_DMSO,FT,DMSO,90,-,2,\\fserver\people\Arne\PYTHON\pyCyte\PlateQC\PlateMaps\\1536LDVS_DMSO\\001-13574__00404-2__1536LDVS_DMSO__FT__90__DMSO__v2.csv,001-13574
00405-2#########,1536LDVS_DMSO,FT,DMSO,95,-,2,\\fserver\people\Arne\PYTHON\pyCyte\PlateQC\PlateMaps\\1536LDVS_DMSO\\001-13575__00405-2__1536LDVS_DMSO__FT__95__DMSO__v2.csv,001-13575
00406-2#########,1536LDVS_DMSO,FT,DMSO,100,-,2,\\fserver\people\Arne\PYTHON\pyCyte\PlateQC\PlateMaps\\1536LDVS_DMSO\\001-13576__00406-2__1536LDVS_DMSO__FT__100__DMSO__v2.csv,001-13576
0110--2#########,1536HBS_DMSO,UCP,DMSO,-,-,2,\\fserver\people\Arne\PYTHON\pyCyte\PlateQC\PlateMaps\\1536HBS_DMSO\\XXX-YYYYY__0110--2__1536HBS_DMSO__UCP__-__DMSO__v2.csv,XXX-YYYYY
0130--2#########,1536HBS_DMSO,ICP,DMSO,-,-,2,\\fserver\people\Arne\PYTHON\pyCyte\PlateQC\PlateMaps\\1536HBS_DMSO\\XXX-YYYYY__0130--2__1536HBS_DMSO__ICP__-__DMSO__v2.csv,XXX-YYYYY
01400-2#########,1536HBS_DMSO,FT,DMSO,70,-,2,\\fserver\people\Arne\PYTHON\pyCyte\PlateQC\PlateMaps\\1536HBS_DMSO\\001-15015__01400-2__1536HBS_DMSO__FT__70__DMSO__v2.csv,001-15015
01401-2#########,1536HBS_DMSO,FT,DMSO,75,-,2,\\fserver\people\Arne\PYTHON\pyCyte\PlateQC\PlateMaps\\1536HBS_DMSO\\001-15016__01401-2__1536HBS_DMSO__FT__75__DMSO__v2.csv,001-15016
01402-2#########,1536HBS_DMSO,FT,DMSO,80,-,2,\\fserver\people\Arne\PYTHON\pyCyte\PlateQC\PlateMaps\\1536HBS_DMSO\\001-15017__01402-2__1536HBS_DMSO__FT__80__DMSO__v2.csv,001-15017
01403-2#########,1536HBS_DMSO,FT,DMSO,85,-,2,\\fserver\people\Arne\PYTHON\pyCyte\PlateQC\PlateMaps\\1536HBS_DMSO\\001-15018__01403-2__1536HBS_DMSO__FT__85__DMSO__v2.csv,001-15018
01404-2#########,1536HBS_DMSO,FT,DMSO,90,-,2,\\fserver\people\Arne\PYTHON\pyCyte\PlateQC\PlateMaps\\1536HBS_DMSO\\001-15019__01404-2__1536HBS_DMSO__FT__90__DMSO__v2.csv,001-15019
01405-2#########,1536HBS_DMSO,FT,DMSO,95,-,2,\\fserver\people\Arne\PYTHON\pyCyte\PlateQC\PlateMaps\\1536HBS_DMSO\\001-15020__01405-2__1536HBS_DMSO__FT__95__DMSO__v2.csv,001-15020
01406-2#########,1536HBS_DMSO,FT,DMSO,100,-,2,\\fserver\people\Arne\PYTHON\pyCyte\PlateQC\PlateMaps\\1536HBS_DMSO\\001-15021__01406-2__1536HBS_DMSO__FT__100__DMSO__v2.csv,001-15021
0010--1#########,1536LDVS_DMSO,UCP,DMSO,-,-,1,\\fserver\people\Arne\PYTHON\pyCyte\PlateQC\PlateMaps\\1536LDVS_DMSO\\001-13692__0010--1__1536LDVS_DMSO__UCP__-__DMSO__v1.csv,001-13692
0110--1#########,1536HBS_DMSO,UCP,DMSO,-,-,1,\\fserver\people\Arne\PYTHON\pyCyte\PlateQC\PlateMaps\\1536HBS_DMSO\\001-15014__0110--1__1536HBS_DMSO__UCP__-__DMSO__v1.csv,001-15014
28400-1#########,384PPG_DMSO,FT,DMSO,70,-,1,\\fserver\people\Arne\PYTHON\pyCyte\PlateQC\PlateMaps\\384PPG_DMSO\\XXX-YYYYY__28400-1__384PPG_DMSO__FT__70__DMSO__v1.csv,XXX-YYYYY
28401-1#########,384PPG_DMSO,FT,DMSO,75,-,1,\\fserver\people\Arne\PYTHON\pyCyte\PlateQC\PlateMaps\\384PPG_DMSO\\XXX-YYYYY__28401-1__384PPG_DMSO__FT__75__DMSO__v1.csv,XXX-YYYYY
28402-1#########,384PPG_DMSO,FT,DMSO,80,-,1,\\fserver\people\Arne\PYTHON\pyCyte\PlateQC\PlateMaps\\384PPG_DMSO\\XXX-YYYYY__28402-1__384PPG_DMSO__FT__80__DMSO__v1.csv,XXX-YYYYY
28403-1#########,384PPG_DMSO,FT,DMSO,85,-,1,\\fserver\people\Arne\PYTHON\pyCyte\PlateQC\PlateMaps\\384PPG_DMSO\\XXX-YYYYY__28403-1__384PPG_DMSO__FT__85__DMSO__v1.csv,XXX-YYYYY
28404-1#########,384PPG_DMSO,FT,DMSO,90,-,1,\\fserver\people\Arne\PYTHON\pyCyte\PlateQC\PlateMaps\\384PPG_DMSO\\XXX-YYYYY__28404-1__384PPG_DMSO__FT__90__DMSO__v1.csv,XXX-YYYYY
28405-1#########,384PPG_DMSO,FT,DMSO,95,-,1,\\fserver\people\Arne\PYTHON\pyCyte\PlateQC\PlateMaps\\384PPG_DMSO\\XXX-YYYYY__28405-1__384PPG_DMSO__FT__95__DMSO__v1.csv,XXX-YYYYY
28406-1#########,384PPG_DMSO,FT,DMSO,100,-,1,\\fserver\people\Arne\PYTHON\pyCyte\PlateQC\PlateMaps\\384PPG_DMSO\\XXX-YYYYY__28406-1__384PPG_DMSO__FT__100__DMSO__v1.csv,XXX-YYYYY
58400-1#########,384PPL_DMSO,FT,DMSO,70,-,1,\\fserver\people\Arne\PYTHON\pyCyte\PlateQC\PlateMaps\\384PPL_DMSO\\XXX-YYYYY__58400-1__384PPL_DMSO__FT__70__DMSO__v1.csv,XXX-YYYYY
58401-1#########,384PPL_DMSO,FT,DMSO,75,-,1,\\fserver\people\Arne\PYTHON\pyCyte\PlateQC\PlateMaps\\384PPL_DMSO\\XXX-YYYYY__58401-1__384PPL_DMSO__FT__75__DMSO__v1.csv,XXX-YYYYY
58402-1#########,384PPL_DMSO,FT,DMSO,80,-,1,\\fserver\people\Arne\PYTHON\pyCyte\PlateQC\PlateMaps\\384PPL_DMSO\\XXX-YYYYY__58402-1__384PPL_DMSO__FT__80__DMSO__v1.csv,XXX-YYYYY
58403-1#########,384PPL_DMSO,FT,DMSO,85,-,1,\\fserver\people\Arne\PYTHON\pyCyte\PlateQC\PlateMaps\\384PPL_DMSO\\XXX-YYYYY__58403-1__384PPL_DMSO__FT__85__DMSO__v1.csv,XXX-YYYYY
58404-1#########,384PPL_DMSO,FT,DMSO,90,-,1,\\fserver\people\Arne\PYTHON\pyCyte\PlateQC\PlateMaps\\384PPL_DMSO\\XXX-YYYYY__58404-1__384PPL_DMSO__FT__90__DMSO__v1.csv,XXX-YYYYY
58405-1#########,384PPL_DMSO,FT,DMSO,95,-,1,\\fserver\people\Arne\PYTHON\pyCyte\PlateQC\PlateMaps\\384PPL_DMSO\\XXX-YYYYY__58405-1__384PPL_DMSO__FT__95__DMSO__v1.csv,XXX-YYYYY
58406-1#########,384PPL_DMSO,FT,DMSO,100,-,1,\\fserver\people\Arne\PYTHON\pyCyte\PlateQC\PlateMaps\\384PPL_DMSO\\XXX-YYYYY__58406-1__384PPL_DMSO__FT__100__DMSO__v1.csv,XXX-YYYYY
2301a-2#########,384PPG_AQ_GP2,SIG,GLY,0,-,2,\\fserver\people\Arne\PYTHON\pyCyte\PlateQC\PlateMaps\\384PPG_AQ_GP2\\XXX-YYYYY__2301a-2__384PPG_AQ_GP2__SIG__0__GLY__v2.csv,XXX-YYYYY
2301b-2#########,384PPG_AQ_GP2,SIG,GLY,10,-,2,\\fserver\people\Arne\PYTHON\pyCyte\PlateQC\PlateMaps\\384PPG_AQ_GP2\\XXX-YYYYY__2301b-2__384PPG_AQ_GP2__SIG__10__GLY__v2.csv,XXX-YYYYY
2301c-2#########,384PPG_AQ_GP2,SIG,GLY,20,-,2,\\fserver\people\Arne\PYTHON\pyCyte\PlateQC\PlateMaps\\384PPG_AQ_GP2\\XXX-YYYYY__2301c-2__384PPG_AQ_GP2__SIG__20__GLY__v2.csv,XXX-YYYYY
2301d-2#########,384PPG_AQ_GP2,SIG,GLY,30,-,2,\\fserver\people\Arne\PYTHON\pyCyte\PlateQC\PlateMaps\\384PPG_AQ_GP2\\XXX-YYYYY__2301d-2__384PPG_AQ_GP2__SIG__30__GLY__v2.csv,XXX-YYYYY
2301e-2#########,384PPG_AQ_GP2,SIG,GLY,40,-,2,\\fserver\people\Arne\PYTHON\pyCyte\PlateQC\PlateMaps\\384PPG_AQ_GP2\\XXX-YYYYY__2301e-2__384PPG_AQ_GP2__SIG__40__GLY__v2.csv,XXX-YYYYY
2301f-2#########,384PPG_AQ_GP2,SIG,GLY,50,-,2,\\fserver\people\Arne\PYTHON\pyCyte\PlateQC\PlateMaps\\384PPG_AQ_GP2\\XXX-YYYYY__2301f-2__384PPG_AQ_GP2__SIG__50__GLY__v2.csv,XXX-YYYYY
2301g-2#########,384PPG_AQ_GP2,SIG,GLY,55,-,2,\\fserver\people\Arne\PYTHON\pyCyte\PlateQC\PlateMaps\\384PPG_AQ_GP2\\XXX-YYYYY__2301g-2__384PPG_AQ_GP2__SIG__55__GLY__v2.csv,XXX-YYYYY
2311a-2#########,384PPG_AQ_GP2,UCP,GLY,0,-,2,\\fserver\people\Arne\PYTHON\pyCyte\PlateQC\PlateMaps\\384PPG_AQ_GP2\\001-13682__2311a-2__384PPG_AQ_GP2__UCP__0__GLY__v2.csv,001-13682
2311c-2#########,384PPG_AQ_GP2,UCP,GLY,20,-,2,\\fserver\people\Arne\PYTHON\pyCyte\PlateQC\PlateMaps\\384PPG_AQ_GP2\\001-13683__2311c-2__384PPG_AQ_GP2__UCP__20__GLY__v2.csv,001-13683
2311f-2#########,384PPG_AQ_GP2,UCP,GLY,50,-,2,\\fserver\people\Arne\PYTHON\pyCyte\PlateQC\PlateMaps\\384PPG_AQ_GP2\\001-13684__2311f-2__384PPG_AQ_GP2__UCP__50__GLY__v2.csv,001-13684
2331--2#########,384PPG_AQ_GP2,ICP,GLY,-,-,2,\\fserver\people\Arne\PYTHON\pyCyte\PlateQC\PlateMaps\\384PPG_AQ_GP2\\XXX-YYYYY__2331--2__384PPG_AQ_GP2__ICP__-__GLY__v2.csv,XXX-YYYYY
5301a-2#########,384PPL_AQ_GP2,SIG,GLY,0,-,2,\\fserver\people\Arne\PYTHON\pyCyte\PlateQC\PlateMaps\\384PPL_AQ_GP2\\XXX-YYYYY__5301a-2__384PPL_AQ_GP2__SIG__0__GLY__v2.csv,XXX-YYYYY
5301b-2#########,384PPL_AQ_GP2,SIG,GLY,10,-,2,\\fserver\people\Arne\PYTHON\pyCyte\PlateQC\PlateMaps\\384PPL_AQ_GP2\\XXX-YYYYY__5301b-2__384PPL_AQ_GP2__SIG__10__GLY__v2.csv,XXX-YYYYY
5301c-2#########,384PPL_AQ_GP2,SIG,GLY,20,-,2,\\fserver\people\Arne\PYTHON\pyCyte\PlateQC\PlateMaps\\384PPL_AQ_GP2\\XXX-YYYYY__5301c-2__384PPL_AQ_GP2__SIG__20__GLY__v2.csv,XXX-YYYYY
5301d-2#########,384PPL_AQ_GP2,SIG,GLY,30,-,2,\\fserver\people\Arne\PYTHON\pyCyte\PlateQC\PlateMaps\\384PPL_AQ_GP2\\XXX-YYYYY__5301d-2__384PPL_AQ_GP2__SIG__30__GLY__v2.csv,XXX-YYYYY
5301e-2#########,384PPL_AQ_GP2,SIG,GLY,40,-,2,\\fserver\people\Arne\PYTHON\pyCyte\PlateQC\PlateMaps\\384PPL_AQ_GP2\\XXX-YYYYY__5301e-2__384PPL_AQ_GP2__SIG__40__GLY__v2.csv,XXX-YYYYY
5301f-2#########,384PPL_AQ_GP2,SIG,GLY,50,-,2,\\fserver\people\Arne\PYTHON\pyCyte\PlateQC\PlateMaps\\384PPL_AQ_GP2\\XXX-YYYYY__5301f-2__384PPL_AQ_GP2__SIG__50__GLY__v2.csv,XXX-YYYYY
5301g-2#########,384PPL_AQ_GP2,SIG,GLY,55,-,2,\\fserver\people\Arne\PYTHON\pyCyte\PlateQC\PlateMaps\\384PPL_AQ_GP2\\XXX-YYYYY__5301g-2__384PPL_AQ_GP2__SIG__55__GLY__v2.csv,XXX-YYYYY
5311a-2#########,384PPL_AQ_GP2,UCP,GLY,0,-,2,\\fserver\people\Arne\PYTHON\pyCyte\PlateQC\PlateMaps\\384PPL_AQ_GP2\\001-13303__5311a-2__384PPL_AQ_GP2__UCP__0__GLY__v2.csv,001-13303
5311c-2#########,384PPL_AQ_GP2,UCP,GLY,20,-,2,\\fserver\people\Arne\PYTHON\pyCyte\PlateQC\PlateMaps\\384PPL_AQ_GP2\\001-13305__5311c-2__384PPL_AQ_GP2__UCP__20__GLY__v2.csv,001-13305
5311f-2#########,384PPL_AQ_GP2,UCP,GLY,50,-,2,\\fserver\people\Arne\PYTHON\pyCyte\PlateQC\PlateMaps\\384PPL_AQ_GP2\\001-13306__5311f-2__384PPL_AQ_GP2__UCP__50__GLY__v2.csv,001-13306
5331--2#########,384PPL_AQ_GP2,ICP,GLY,-,-,2,\\fserver\people\Arne\PYTHON\pyCyte\PlateQC\PlateMaps\\384PPL_AQ_GP2\\XXX-YYYYY__5331--2__384PPL_AQ_GP2__ICP__-__GLY__v2.csv,XXX-YYYYY
2141a-2#########,384PPG_AQ_BP2,FT,GLY,0,-,2,\\fserver\people\Arne\PYTHON\pyCyte\PlateQC\PlateMaps\\384PPG_AQ_BP2\\001-13307__2141a-2__384PPG_AQ_BP2__FT__0__GLY__v2.csv,001-13307
2141b-2#########,384PPG_AQ_BP2,FT,GLY,10,-,2,\\fserver\people\Arne\PYTHON\pyCyte\PlateQC\PlateMaps\\384PPG_AQ_BP2\\001-13308__2141b-2__384PPG_AQ_BP2__FT__10__GLY__v2.csv,001-13308
2141d-2#########,384PPG_AQ_BP2,FT,GLY,30,-,2,\\fserver\people\Arne\PYTHON\pyCyte\PlateQC\PlateMaps\\384PPG_AQ_BP2\\001-13309__2141d-2__384PPG_AQ_BP2__FT__30__GLY__v2.csv,001-13309
5141a-2#########,384PPL_AQ_BP2,FT,GLY,0,-,2,\\fserver\people\Arne\PYTHON\pyCyte\PlateQC\PlateMaps\\384PPL_AQ_BP2\\001-13329__5141a-2__384PPL_AQ_BP2__FT__0__GLY__v2.csv,001-13329
5141b-2#########,384PPL_AQ_BP2,FT,GLY,10,-,2,\\fserver\people\Arne\PYTHON\pyCyte\PlateQC\PlateMaps\\384PPL_AQ_BP2\\001-13330__5141b-2__384PPL_AQ_BP2__FT__10__GLY__v2.csv,001-13330
5141d-2#########,384PPL_AQ_BP2,FT,GLY,30,-,2,\\fserver\people\Arne\PYTHON\pyCyte\PlateQC\PlateMaps\\384PPL_AQ_BP2\\001-13331__5141d-2__384PPL_AQ_BP2__FT__30__GLY__v2.csv,001-13331
2341c-2#########,384PPG_AQ_GP2,FT,GLY,20,-,2,\\fserver\people\Arne\PYTHON\pyCyte\PlateQC\PlateMaps\\384PPG_AQ_GP2\\001-13310__2341c-2__384PPG_AQ_GP2__FT__20__GLY__v2.csv,001-13310
2341e-2#########,384PPG_AQ_GP2,FT,GLY,40,-,2,\\fserver\people\Arne\PYTHON\pyCyte\PlateQC\PlateMaps\\384PPG_AQ_GP2\\001-13311__2341e-2__384PPG_AQ_GP2__FT__40__GLY__v2.csv,001-13311
2341f-2#########,384PPG_AQ_GP2,FT,GLY,50,-,2,\\fserver\people\Arne\PYTHON\pyCyte\PlateQC\PlateMaps\\384PPG_AQ_GP2\\001-13312__2341f-2__384PPG_AQ_GP2__FT__50__GLY__v2.csv,001-13312
5341c-2#########,384PPL_AQ_GP2,FT,GLY,20,-,2,\\fserver\people\Arne\PYTHON\pyCyte\PlateQC\PlateMaps\\384PPL_AQ_GP2\\001-13332__5341c-2__384PPL_AQ_GP2__FT__20__GLY__v2.csv,001-13332
5341e-2#########,384PPL_AQ_GP2,FT,GLY,40,-,2,\\fserver\people\Arne\PYTHON\pyCyte\PlateQC\PlateMaps\\384PPL_AQ_GP2\\001-13333__5341e-2__384PPL_AQ_GP2__FT__40__GLY__v2.csv,001-13333
5341f-2#########,384PPL_AQ_GP2,FT,GLY,50,-,2,\\fserver\people\Arne\PYTHON\pyCyte\PlateQC\PlateMaps\\384PPL_AQ_GP2\\001-13334__5341f-2__384PPL_AQ_GP2__FT__50__GLY__v2.csv,001-13334
24426-2#########,384PPG_AQ_CP,FT,AQ,100,-,2,\\fserver\people\Arne\PYTHON\pyCyte\PlateQC\PlateMaps\\384PPG_AQ_CP\\001-13316__24426-2__384PPG_AQ_CP__FT__100__AQ__v2.csv,001-13316
244b6-2#########,384PPG_AQ_CP,FT,2.4M-HEPES,100,-,2,\\fserver\people\Arne\PYTHON\pyCyte\PlateQC\PlateMaps\\384PPG_AQ_CP\\001-13317__244b6-2__384PPG_AQ_CP__FT__100__2.4M-HEPES__v2.csv,001-13317
244cd-2#########,384PPG_AQ_CP,FT,PEG-3350,30,-,2,\\fserver\people\Arne\PYTHON\pyCyte\PlateQC\PlateMaps\\384PPG_AQ_CP\\001-13318__244cd-2__384PPG_AQ_CP__FT__30__PEG-3350__v2.csv,001-13318
244df-2#########,384PPG_AQ_CP,FT,MPD,50,-,2,\\fserver\people\Arne\PYTHON\pyCyte\PlateQC\PlateMaps\\384PPG_AQ_CP\\001-13585__244df-2__384PPG_AQ_CP__FT__50__MPD__v2.csv,001-13585
54426-2#########,384PPL_AQ_CP,FT,AQ,100,-,2,\\fserver\people\Arne\PYTHON\pyCyte\PlateQC\PlateMaps\\384PPL_AQ_CP\\001-13338__54426-2__384PPL_AQ_CP__FT__100__AQ__v2.csv,001-13338
544b6-2#########,384PPL_AQ_CP,FT,2.4M-HEPES,100,-,2,\\fserver\people\Arne\PYTHON\pyCyte\PlateQC\PlateMaps\\384PPL_AQ_CP\\001-13339__544b6-2__384PPL_AQ_CP__FT__100__2.4M-HEPES__v2.csv,001-13339
544cd-2#########,384PPL_AQ_CP,FT,PEG-3350,30,-,2,\\fserver\people\Arne\PYTHON\pyCyte\PlateQC\PlateMaps\\384PPL_AQ_CP\\001-13340__544cd-2__384PPL_AQ_CP__FT__30__PEG-3350__v2.csv,001-13340
544df-2#########,384PPL_AQ_CP,FT,MPD,50,-,2,\\fserver\people\Arne\PYTHON\pyCyte\PlateQC\PlateMaps\\384PPL_AQ_CP\\001-13621__544df-2__384PPL_AQ_CP__FT__50__MPD__v2.csv,001-13621
245b682#########,384PPG_AQ_CP,FF,2.4M-HEPES,100,40,2,\\fserver\people\Arne\PYTHON\pyCyte\PlateQC\PlateMaps\\384PPG_AQ_CP\\XXX-YYYYY__245b682__384PPG_AQ_CP__FF__100__2.4M-HEPES__40uL__v2.csv,XXX-YYYYY
545b682#########,384PPL_AQ_CP,FF,2.4M-HEPES,100,40,2,\\fserver\people\Arne\PYTHON\pyCyte\PlateQC\PlateMaps\\384PPL_AQ_CP\\XXX-YYYYY__545b682__384PPL_AQ_CP__FF__100__2.4M-HEPES__40uL__v2.csv,XXX-YYYYY
22436-2#########,384PPG_AQ_SP2,FT,PBS5,100,-,2,\\fserver\people\Arne\PYTHON\pyCyte\PlateQC\PlateMaps\\384PPG_AQ_SP2\\001-13313__22436-2__384PPG_AQ_SP2__FT__100__PBS5__v2.csv,001-13313
22446-2#########,384PPG_AQ_SP2,FT,PBS14,100,-,2,\\fserver\people\Arne\PYTHON\pyCyte\PlateQC\PlateMaps\\384PPG_AQ_SP2\\001-13314__22446-2__384PPG_AQ_SP2__FT__100__PBS14__v2.csv,001-13314
22456-2#########,384PPG_AQ_SP2,FT,PBS200,100,-,2,\\fserver\people\Arne\PYTHON\pyCyte\PlateQC\PlateMaps\\384PPG_AQ_SP2\\001-13315__22456-2__384PPG_AQ_SP2__FT__100__PBS200__v2.csv,001-13315
22346-2#########,384PPG_AQ_SP2,ICP,PBS14,100,-,2,\\fserver\people\Arne\PYTHON\pyCyte\PlateQC\PlateMaps\\384PPG_AQ_SP2\\001-13488__22346-2__384PPG_AQ_SP2__ICP__100__PBS14__v2.csv,001-13488
221f6-3#########,384PPG_AQ_SP2,UCP,PBS,100,-,3,\\fserver\people\Arne\PYTHON\pyCyte\PlateQC\PlateMaps\\384PPG_AQ_SP2\\001-13685__221f6-3__384PPG_AQ_SP2__UCP__100__PBS__v3.csv,001-13685
2253682#########,384PPG_AQ_SP2,FF,PBS5,100,40,2,\\fserver\people\Arne\PYTHON\pyCyte\PlateQC\PlateMaps\\384PPG_AQ_SP2\\XXX-YYYYY__2253682__384PPG_AQ_SP2__FF__100__PBS5__40uL__v2.csv,XXX-YYYYY
52436-2#########,384PPL_AQ_SP2,FT,PBS5,100,-,2,\\fserver\people\Arne\PYTHON\pyCyte\PlateQC\PlateMaps\\384PPL_AQ_SP2\\001-13335__52436-2__384PPL_AQ_SP2__FT__100__PBS5__v2.csv,001-13335
52446-2#########,384PPL_AQ_SP2,FT,PBS14,100,-,2,\\fserver\people\Arne\PYTHON\pyCyte\PlateQC\PlateMaps\\384PPL_AQ_SP2\\001-13336__52446-2__384PPL_AQ_SP2__FT__100__PBS14__v2.csv,001-13336
52456-2#########,384PPL_AQ_SP2,FT,PBS200,100,-,2,\\fserver\people\Arne\PYTHON\pyCyte\PlateQC\PlateMaps\\384PPL_AQ_SP2\\001-13337__52456-2__384PPL_AQ_SP2__FT__100__PBS200__v2.csv,001-13337
52346-2#########,384PPL_AQ_SP2,ICP,PBS14,100,-,2,\\fserver\people\Arne\PYTHON\pyCyte\PlateQC\PlateMaps\\384PPL_AQ_SP2\\001-13476__52346-2__384PPL_AQ_SP2__ICP__100__PBS14__v2.csv,001-13476
521f6-3#########,384PPL_AQ_SP2,UCP,PBS,100,-,3,\\fserver\people\Arne\PYTHON\pyCyte\PlateQC\PlateMaps\\384PPL_AQ_SP2\\001-13704__521f6-3__384PPL_AQ_SP2__UCP__100__PBS__v3.csv,001-13704
5253682#########,384PPL_AQ_SP2,FF,PBS5,100,40,2,\\fserver\people\Arne\PYTHON\pyCyte\PlateQC\PlateMaps\\384PPL_AQ_SP2\\XXX-YYYYY__5253682__384PPL_AQ_SP2__FF__100__PBS5__40uL__v2.csv,XXX-YYYYY
2641a-1#########,384PPG_AQ_BP,FT,GLY,0,-,1,\\fserver\people\Arne\PYTHON\pyCyte\PlateQC\PlateMaps\\384PPG_AQ_BP\\XXX-YYYYY__2641a-1__384PPG_AQ_BP__FT__0__GLY__v1.csv,XXX-YYYYY
5641a-1#########,384PPL_AQ_BP,FT,GLY,0,-,1,\\fserver\people\Arne\PYTHON\pyCyte\PlateQC\PlateMaps\\384PPL_AQ_BP\\XXX-YYYYY__5641a-1__384PPL_AQ_BP__FT__0__GLY__v1.csv,XXX-YYYYY
27436-1#########,384PPG_AQ_SP,FT,PBS5,100,-,1,\\fserver\people\Arne\PYTHON\pyCyte\PlateQC\PlateMaps\\384PPG_AQ_SP\\XXX-YYYYY__27436-1__384PPG_AQ_SP__FT__100__PBS5__v1.csv,XXX-YYYYY
27446-1#########,384PPG_AQ_SP,FT,PBS14,100,-,1,\\fserver\people\Arne\PYTHON\pyCyte\PlateQC\PlateMaps\\384PPG_AQ_SP\\XXX-YYYYY__27446-1__384PPG_AQ_SP__FT__100__PBS14__v1.csv,XXX-YYYYY
27456-1#########,384PPG_AQ_SP,FT,PBS200,100,-,1,\\fserver\people\Arne\PYTHON\pyCyte\PlateQC\PlateMaps\\384PPG_AQ_SP\\XXX-YYYYY__27456-1__384PPG_AQ_SP__FT__100__PBS200__v1.csv,XXX-YYYYY
57436-1#########,384PPL_AQ_SP,FT,PBS5,100,-,1,\\fserver\people\Arne\PYTHON\pyCyte\PlateQC\PlateMaps\\384PPL_AQ_SP\\XXX-YYYYY__57436-1__384PPL_AQ_SP__FT__100__PBS5__v1.csv,XXX-YYYYY
57446-1#########,384PPL_AQ_SP,FT,PBS14,100,-,1,\\fserver\people\Arne\PYTHON\pyCyte\PlateQC\PlateMaps\\384PPL_AQ_SP\\XXX-YYYYY__57446-1__384PPL_AQ_SP__FT__100__PBS14__v1.csv,XXX-YYYYY
57456-1#########,384PPL_AQ_SP,FT,PBS200,100,-,1,\\fserver\people\Arne\PYTHON\pyCyte\PlateQC\PlateMaps\\384PPL_AQ_SP\\XXX-YYYYY__57456-1__384PPL_AQ_SP__FT__100__PBS200__v1.csv,XXX-YYYYY
297f--2#########,384PPG_HC,HC,PBS,-,-,2,\\fserver\people\Arne\PYTHON\pyCyte\PlateQC\PlateMaps\\384PPG_HC\\001-14266__297f--2__384PPG_HC__HC__-__PBS__v2.csv,001-14266
597f--2#########,384PPL_HC,HC,PBS,-,-,2,\\fserver\people\Arne\PYTHON\pyCyte\PlateQC\PlateMaps\\384PPL_HC\\001-14709__597f--2__384PPL_HC__HC__-__PBS__v2.csv,001-14709
35446-2#########,384PPG_PLUS_AQ_SP,FT,PBS14,100,-,2,\\fserver\people\Arne\PYTHON\pyCyte\PlateQC\PlateMaps\\384PPG_PLUS_AQ_SP\\001-14267__35446-2__384PPG_PLUS_AQ_SP__FT__100__PBS14__v2.csv,001-14267
35546b2#########,384PPG_PLUS_AQ_SP,FF,PBS14,100,20,2,\\fserver\people\Arne\PYTHON\pyCyte\PlateQC\PlateMaps\\384PPG_PLUS_AQ_SP\\001-14268__35546b2__384PPG_PLUS_AQ_SP__FF__100__PBS14__20uL__v2.csv,001-14268
35546c2#########,384PPG_PLUS_AQ_SP,FF,PBS14,100,30,2,\\fserver\people\Arne\PYTHON\pyCyte\PlateQC\PlateMaps\\384PPG_PLUS_AQ_SP\\001-14269__35546c2__384PPG_PLUS_AQ_SP__FF__100__PBS14__30uL__v2.csv,001-14269
3554682#########,384PPG_PLUS_AQ_SP,FF,PBS14,100,40,2,\\fserver\people\Arne\PYTHON\pyCyte\PlateQC\PlateMaps\\384PPG_PLUS_AQ_SP\\001-14270__3554682__384PPG_PLUS_AQ_SP__FF__100__PBS14__40uL__v2.csv,001-14270
35546a2#########,384PPG_PLUS_AQ_SP,FF,PBS14,100,65,2,\\fserver\people\Arne\PYTHON\pyCyte\PlateQC\PlateMaps\\384PPG_PLUS_AQ_SP\\001-14271__35546a2__384PPG_PLUS_AQ_SP__FF__100__PBS14__65uL__v2.csv,001-14271
356C692#########,384PPG_PLUS_AQ_SP,DD,PBS14-DF,100,60,2,\\fserver\people\Arne\PYTHON\pyCyte\PlateQC\PlateMaps\\384PPG_PLUS_AQ_SP\\001-14272__356C692__384PPG_PLUS_AQ_SP__DD__100__PBS14-DF__60uL__v2.csv,001-14272
314f6-2#########,384PPG_PLUS_AQ_BP,FT,PBS,100,-,2,\\fserver\people\Arne\PYTHON\pyCyte\PlateQC\PlateMaps\\384PPG_PLUS_AQ_BP\\001-14273__314f6-2__384PPG_PLUS_AQ_BP__FT__100__PBS__v2.csv,001-14273
315f6b2#########,384PPG_PLUS_AQ_BP,FF,PBS,100,20,2,\\fserver\people\Arne\PYTHON\pyCyte\PlateQC\PlateMaps\\384PPG_PLUS_AQ_BP\\001-14274__315f6b2__384PPG_PLUS_AQ_BP__FF__100__PBS__20uL__v2.csv,001-14274
315f6c2#########,384PPG_PLUS_AQ_BP,FF,PBS,100,30,2,\\fserver\people\Arne\PYTHON\pyCyte\PlateQC\PlateMaps\\384PPG_PLUS_AQ_BP\\001-14275__315f6c2__384PPG_PLUS_AQ_BP__FF__100__PBS__30uL__v2.csv,001-14275
315f682#########,384PPG_PLUS_AQ_BP,FF,PBS,100,40,2,\\fserver\people\Arne\PYTHON\pyCyte\PlateQC\PlateMaps\\384PPG_PLUS_AQ_BP\\001-14276__315f682__384PPG_PLUS_AQ_BP__FF__100__PBS__40uL__v2.csv,001-14276
315f6a2#########,384PPG_PLUS_AQ_BP,FF,PBS,100,65,2,\\fserver\people\Arne\PYTHON\pyCyte\PlateQC\PlateMaps\\384PPG_PLUS_AQ_BP\\001-14277__315f6a2__384PPG_PLUS_AQ_BP__FF__100__PBS__65uL__v2.csv,001-14277
316B692#########,384PPG_PLUS_AQ_BP,DD,PBS-DF,100,60,2,\\fserver\people\Arne\PYTHON\pyCyte\PlateQC\PlateMaps\\384PPG_PLUS_AQ_BP\\001-14278__316B692__384PPG_PLUS_AQ_BP__DD__100__PBS-DF__60uL__v2.csv,001-14278
65446-2#########,384PPL_PLUS_AQ_SP,FT,PBS14,100,-,2,\\fserver\people\Arne\PYTHON\pyCyte\PlateQC\PlateMaps\\384PPL_PLUS_AQ_SP\\001-14279__65446-2__384PPL_PLUS_AQ_SP__FT__100__PBS14__v2.csv,001-14279
65546b2#########,384PPL_PLUS_AQ_SP,FF,PBS14,100,20,2,\\fserver\people\Arne\PYTHON\pyCyte\PlateQC\PlateMaps\\384PPL_PLUS_AQ_SP\\001-14280__65546b2__384PPL_PLUS_AQ_SP__FF__100__PBS14__20uL__v2.csv,001-14280
65546c2#########,384PPL_PLUS_AQ_SP,FF,PBS14,100,30,2,\\fserver\people\Arne\PYTHON\pyCyte\PlateQC\PlateMaps\\384PPL_PLUS_AQ_SP\\001-14281__65546c2__384PPL_PLUS_AQ_SP__FF__100__PBS14__30uL__v2.csv,001-14281
6554682#########,384PPL_PLUS_AQ_SP,FF,PBS14,100,40,2,\\fserver\people\Arne\PYTHON\pyCyte\PlateQC\PlateMaps\\384PPL_PLUS_AQ_SP\\001-14282__6554682__384PPL_PLUS_AQ_SP__FF__100__PBS14__40uL__v2.csv,001-14282
65546a2#########,384PPL_PLUS_AQ_SP,FF,PBS14,100,65,2,\\fserver\people\Arne\PYTHON\pyCyte\PlateQC\PlateMaps\\384PPL_PLUS_AQ_SP\\001-14283__65546a2__384PPL_PLUS_AQ_SP__FF__100__PBS14__65uL__v2.csv,001-14283
656C693#########,384PPL_PLUS_AQ_SP,DD,PBS14-DF,100,60,3,\\fserver\people\Arne\PYTHON\pyCyte\PlateQC\PlateMaps\\384PPL_PLUS_AQ_SP\\001-14284__656C692__384PPL_PLUS_AQ_SP__DD__100__PBS14-DF__60uL__v2.csv,001-14284
614f6-2#########,384PPL_PLUS_AQ_BP,FT,PBS,100,-,2,\\fserver\people\Arne\PYTHON\pyCyte\PlateQC\PlateMaps\\384PPL_PLUS_AQ_BP\\001-14285__614f6-2__384PPL_PLUS_AQ_BP__FT__100__PBS__v2.csv,001-14285
615f6b2#########,384PPL_PLUS_AQ_BP,FF,PBS,100,20,2,\\fserver\people\Arne\PYTHON\pyCyte\PlateQC\PlateMaps\\384PPL_PLUS_AQ_BP\\001-14286__615f6b2__384PPL_PLUS_AQ_BP__FF__100__PBS__20uL__v2.csv,001-14286
615f6c2#########,384PPL_PLUS_AQ_BP,FF,PBS,100,30,2,\\fserver\people\Arne\PYTHON\pyCyte\PlateQC\PlateMaps\\384PPL_PLUS_AQ_BP\\001-14287__615f6c2__384PPL_PLUS_AQ_BP__FF__100__PBS__30uL__v2.csv,001-14287
615f682#########,384PPL_PLUS_AQ_BP,FF,PBS,100,40,2,\\fserver\people\Arne\PYTHON\pyCyte\PlateQC\PlateMaps\\384PPL_PLUS_AQ_BP\\001-14288__615f682__384PPL_PLUS_AQ_BP__FF__100__PBS__40uL__v2.csv,001-14288
615f6a2#########,384PPL_PLUS_AQ_BP,FF,PBS,100,65,2,\\fserver\people\Arne\PYTHON\pyCyte\PlateQC\PlateMaps\\384PPL_PLUS_AQ_BP\\001-14289__615f6a2__384PPL_PLUS_AQ_BP__FF__100__PBS__65uL__v2.csv,001-14289
616B693#########,384PPL_PLUS_AQ_BP,DD,PBS-DF,100,60,3,\\fserver\people\Arne\PYTHON\pyCyte\PlateQC\PlateMaps\\384PPL_PLUS_AQ_BP\\001-14290__616B692__384PPL_PLUS_AQ_BP__DD__100__PBS-DF__60uL__v2.csv,001-14290
3339--2#########,384PPG_PLUS_AQ_GPSA,ICP,GPS14,-,-,2,\\fserver\people\Arne\PYTHON\pyCyte\PlateQC\PlateMaps\\384PPG_PLUS_AQ_GPSA\\001-14291__3339--2__384PPG_PLUS_AQ_GPSA__ICP__-__GPS14__v2.csv,001-14291
3349b-2#########,384PPG_PLUS_AQ_GPSA,FT,GPS14,10,-,2,\\fserver\people\Arne\PYTHON\pyCyte\PlateQC\PlateMaps\\384PPG_PLUS_AQ_GPSA\\001-14292__3349b-2__384PPG_PLUS_AQ_GPSA__FT__10__GPS14__v2.csv,001-14292
3349c-2#########,384PPG_PLUS_AQ_GPSA,FT,GPS14,20,-,2,\\fserver\people\Arne\PYTHON\pyCyte\PlateQC\PlateMaps\\384PPG_PLUS_AQ_GPSA\\001-14293__3349c-2__384PPG_PLUS_AQ_GPSA__FT__20__GPS14__v2.csv,001-14293
3349d-2#########,384PPG_PLUS_AQ_GPSA,FT,GPS14,30,-,2,\\fserver\people\Arne\PYTHON\pyCyte\PlateQC\PlateMaps\\384PPG_PLUS_AQ_GPSA\\001-14294__3349d-2__384PPG_PLUS_AQ_GPSA__FT__30__GPS14__v2.csv,001-14294
3349e-2#########,384PPG_PLUS_AQ_GPSA,FT,GPS14,40,-,2,\\fserver\people\Arne\PYTHON\pyCyte\PlateQC\PlateMaps\\384PPG_PLUS_AQ_GPSA\\001-14295__3349e-2__384PPG_PLUS_AQ_GPSA__FT__40__GPS14__v2.csv,001-14295
3349f-2#########,384PPG_PLUS_AQ_GPSA,FT,GPS14,50,-,2,\\fserver\people\Arne\PYTHON\pyCyte\PlateQC\PlateMaps\\384PPG_PLUS_AQ_GPSA\\001-14296__3349f-2__384PPG_PLUS_AQ_GPSA__FT__50__GPS14__v2.csv,001-14296
336E-92#########,384PPG_PLUS_AQ_GPSA,DD,GPS14-DF,-,60,2,\\fserver\people\Arne\PYTHON\pyCyte\PlateQC\PlateMaps\\384PPG_PLUS_AQ_GPSA\\001-14297__336E-92__384PPG_PLUS_AQ_GPSA__DD__-__GPS14-DF__60uL__v2.csv,001-14297
343a--2#########,384PPG_PLUS_AQ_GPSB,ICP,GPS25,-,-,2,\\fserver\people\Arne\PYTHON\pyCyte\PlateQC\PlateMaps\\384PPG_PLUS_AQ_GPSB\\001-14298__343a--2__384PPG_PLUS_AQ_GPSB__ICP__-__GPS25__v2.csv,001-14298
344ab-2#########,384PPG_PLUS_AQ_GPSB,FT,GPS25,10,-,2,\\fserver\people\Arne\PYTHON\pyCyte\PlateQC\PlateMaps\\384PPG_PLUS_AQ_GPSB\\001-14299__344ab-2__384PPG_PLUS_AQ_GPSB__FT__10__GPS25__v2.csv,001-14299
344ac-2#########,384PPG_PLUS_AQ_GPSB,FT,GPS25,20,-,2,\\fserver\people\Arne\PYTHON\pyCyte\PlateQC\PlateMaps\\384PPG_PLUS_AQ_GPSB\\001-14300__344ac-2__384PPG_PLUS_AQ_GPSB__FT__20__GPS25__v2.csv,001-14300
344ad-2#########,384PPG_PLUS_AQ_GPSB,FT,GPS25,30,-,2,\\fserver\people\Arne\PYTHON\pyCyte\PlateQC\PlateMaps\\384PPG_PLUS_AQ_GPSB\\001-14301__344ad-2__384PPG_PLUS_AQ_GPSB__FT__30__GPS25__v2.csv,001-14301
344ae-2#########,384PPG_PLUS_AQ_GPSB,FT,GPS25,40,-,2,\\fserver\people\Arne\PYTHON\pyCyte\PlateQC\PlateMaps\\384PPG_PLUS_AQ_GPSB\\001-14302__344ae-2__384PPG_PLUS_AQ_GPSB__FT__40__GPS25__v2.csv,001-14302
344af-2#########,384PPG_PLUS_AQ_GPSB,FT,GPS25,50,-,2,\\fserver\people\Arne\PYTHON\pyCyte\PlateQC\PlateMaps\\384PPG_PLUS_AQ_GPSB\\001-14303__344af-2__384PPG_PLUS_AQ_GPSB__FT__50__GPS25__v2.csv,001-14303
346F-92#########,384PPG_PLUS_AQ_GPSB,DD,GPS25-DF,-,60,2,\\fserver\people\Arne\PYTHON\pyCyte\PlateQC\PlateMaps\\384PPG_PLUS_AQ_GPSB\\001-14304__346F-92__384PPG_PLUS_AQ_GPSB__DD__-__GPS25-DF__60uL__v2.csv,001-14304
6339--2#########,384PPL_PLUS_AQ_GPSA,ICP,GPS14,-,-,2,\\fserver\people\Arne\PYTHON\pyCyte\PlateQC\PlateMaps\\384PPL_PLUS_AQ_GPSA\\001-14305__6339--2__384PPL_PLUS_AQ_GPSA__ICP__-__GPS14__v2.csv,001-14305
6349b-2#########,384PPL_PLUS_AQ_GPSA,FT,GPS14,10,-,2,\\fserver\people\Arne\PYTHON\pyCyte\PlateQC\PlateMaps\\384PPL_PLUS_AQ_GPSA\\001-14306__6349b-2__384PPL_PLUS_AQ_GPSA__FT__10__GPS14__v2.csv,001-14306
6349c-2#########,384PPL_PLUS_AQ_GPSA,FT,GPS14,20,-,2,\\fserver\people\Arne\PYTHON\pyCyte\PlateQC\PlateMaps\\384PPL_PLUS_AQ_GPSA\\001-14307__6349c-2__384PPL_PLUS_AQ_GPSA__FT__20__GPS14__v2.csv,001-14307
6349d-2#########,384PPL_PLUS_AQ_GPSA,FT,GPS14,30,-,2,\\fserver\people\Arne\PYTHON\pyCyte\PlateQC\PlateMaps\\384PPL_PLUS_AQ_GPSA\\001-14308__6349d-2__384PPL_PLUS_AQ_GPSA__FT__30__GPS14__v2.csv,001-14308
6349e-2#########,384PPL_PLUS_AQ_GPSA,FT,GPS14,40,-,2,\\fserver\people\Arne\PYTHON\pyCyte\PlateQC\PlateMaps\\384PPL_PLUS_AQ_GPSA\\001-14309__6349e-2__384PPL_PLUS_AQ_GPSA__FT__40__GPS14__v2.csv,001-14309
6349f-2#########,384PPL_PLUS_AQ_GPSA,FT,GPS14,50,-,2,\\fserver\people\Arne\PYTHON\pyCyte\PlateQC\PlateMaps\\384PPL_PLUS_AQ_GPSA\\001-14310__6349f-2__384PPL_PLUS_AQ_GPSA__FT__50__GPS14__v2.csv,001-14310
636E-93#########,384PPL_PLUS_AQ_GPSA,DD,GPS14-DF,-,60,3,\\fserver\people\Arne\PYTHON\pyCyte\PlateQC\PlateMaps\\384PPL_PLUS_AQ_GPSA\\001-14311__636E-92__384PPL_PLUS_AQ_GPSA__DD__-__GPS14-DF__60uL__v2.csv,001-14311
643a--2#########,384PPL_PLUS_AQ_GPSB,ICP,GPS25,-,-,2,\\fserver\people\Arne\PYTHON\pyCyte\PlateQC\PlateMaps\\384PPL_PLUS_AQ_GPSB\\001-14312__643a--2__384PPL_PLUS_AQ_GPSB__ICP__-__GPS25__v2.csv,001-14312
644ab-2#########,384PPL_PLUS_AQ_GPSB,FT,GPS25,10,-,2,\\fserver\people\Arne\PYTHON\pyCyte\PlateQC\PlateMaps\\384PPL_PLUS_AQ_GPSB\\001-14313__644ab-2__384PPL_PLUS_AQ_GPSB__FT__10__GPS25__v2.csv,001-14313
644ac-2#########,384PPL_PLUS_AQ_GPSB,FT,GPS25,20,-,2,\\fserver\people\Arne\PYTHON\pyCyte\PlateQC\PlateMaps\\384PPL_PLUS_AQ_GPSB\\001-14314__644ac-2__384PPL_PLUS_AQ_GPSB__FT__20__GPS25__v2.csv,001-14314
644ad-2#########,384PPL_PLUS_AQ_GPSB,FT,GPS25,30,-,2,\\fserver\people\Arne\PYTHON\pyCyte\PlateQC\PlateMaps\\384PPL_PLUS_AQ_GPSB\\001-14315__644ad-2__384PPL_PLUS_AQ_GPSB__FT__30__GPS25__v2.csv,001-14315
644ae-2#########,384PPL_PLUS_AQ_GPSB,FT,GPS25,40,-,2,\\fserver\people\Arne\PYTHON\pyCyte\PlateQC\PlateMaps\\384PPL_PLUS_AQ_GPSB\\001-14316__644ae-2__384PPL_PLUS_AQ_GPSB__FT__40__GPS25__v2.csv,001-14316
644af-2#########,384PPL_PLUS_AQ_GPSB,FT,GPS25,50,-,2,\\fserver\people\Arne\PYTHON\pyCyte\PlateQC\PlateMaps\\384PPL_PLUS_AQ_GPSB\\001-14317__644af-2__384PPL_PLUS_AQ_GPSB__FT__50__GPS25__v2.csv,001-14317
646F-93#########,384PPL_PLUS_AQ_GPSB,DD,GPS25-DF,-,60,3,\\fserver\people\Arne\PYTHON\pyCyte\PlateQC\PlateMaps\\384PPL_PLUS_AQ_GPSB\\001-14318__646F-92__384PPL_PLUS_AQ_GPSB__DD__-__GPS25-DF__60uL__v2.csv,001-14318
6201a-2#########,384PPL_PLUS_AQ_GP,SIG,GLY,0,-,2,\\fserver\people\Arne\PYTHON\pyCyte\PlateQC\PlateMaps\\384PPL_PLUS_AQ_GP\\001-14424__6201a-2__384PPL_PLUS_AQ_GP__SIG__0__GLY__v2.csv,001-14424
6201b-2#########,384PPL_PLUS_AQ_GP,SIG,GLY,10,-,2,\\fserver\people\Arne\PYTHON\pyCyte\PlateQC\PlateMaps\\384PPL_PLUS_AQ_GP\\001-14425__6201b-2__384PPL_PLUS_AQ_GP__SIG__10__GLY__v2.csv,001-14425
6201c-2#########,384PPL_PLUS_AQ_GP,SIG,GLY,20,-,2,\\fserver\people\Arne\PYTHON\pyCyte\PlateQC\PlateMaps\\384PPL_PLUS_AQ_GP\\001-14426__6201c-2__384PPL_PLUS_AQ_GP__SIG__20__GLY__v2.csv,001-14426
6201d-2#########,384PPL_PLUS_AQ_GP,SIG,GLY,30,-,2,\\fserver\people\Arne\PYTHON\pyCyte\PlateQC\PlateMaps\\384PPL_PLUS_AQ_GP\\001-14427__6201d-2__384PPL_PLUS_AQ_GP__SIG__30__GLY__v2.csv,001-14427
6201e-2#########,384PPL_PLUS_AQ_GP,SIG,GLY,40,-,2,\\fserver\people\Arne\PYTHON\pyCyte\PlateQC\PlateMaps\\384PPL_PLUS_AQ_GP\\001-14428__6201e-2__384PPL_PLUS_AQ_GP__SIG__40__GLY__v2.csv,001-14428
6201f-2#########,384PPL_PLUS_AQ_GP,SIG,GLY,50,-,2,\\fserver\people\Arne\PYTHON\pyCyte\PlateQC\PlateMaps\\384PPL_PLUS_AQ_GP\\001-14429__6201f-2__384PPL_PLUS_AQ_GP__SIG__50__GLY__v2.csv,001-14429
6201g-2#########,384PPL_PLUS_AQ_GP,SIG,GLY,55,-,2,\\fserver\people\Arne\PYTHON\pyCyte\PlateQC\PlateMaps\\384PPL_PLUS_AQ_GP\\001-14430__6201g-2__384PPL_PLUS_AQ_GP__SIG__55__GLY__v2.csv,001-14430
6231--2#########,384PPL_PLUS_AQ_GP,ICP,GLY,-,-,2,\\fserver\people\Arne\PYTHON\pyCyte\PlateQC\PlateMaps\\384PPL_PLUS_AQ_GP\\001-14368__6231--2__384PPL_PLUS_AQ_GP__ICP__-__GLY__v2.csv,001-14368
6241b-2#########,384PPL_PLUS_AQ_GP,FT,GLY,10,-,2,\\fserver\people\Arne\PYTHON\pyCyte\PlateQC\PlateMaps\\384PPL_PLUS_AQ_GP\\001-14431__6241b-2__384PPL_PLUS_AQ_GP__FT__10__GLY__v2.csv,001-14431
6241c-2#########,384PPL_PLUS_AQ_GP,FT,GLY,20,-,2,\\fserver\people\Arne\PYTHON\pyCyte\PlateQC\PlateMaps\\384PPL_PLUS_AQ_GP\\001-14432__6241c-2__384PPL_PLUS_AQ_GP__FT__20__GLY__v2.csv,001-14432
6241d-2#########,384PPL_PLUS_AQ_GP,FT,GLY,30,-,2,\\fserver\people\Arne\PYTHON\pyCyte\PlateQC\PlateMaps\\384PPL_PLUS_AQ_GP\\001-14433__6241d-2__384PPL_PLUS_AQ_GP__FT__30__GLY__v2.csv,001-14433
6241e-2#########,384PPL_PLUS_AQ_GP,FT,GLY,40,-,2,\\fserver\people\Arne\PYTHON\pyCyte\PlateQC\PlateMaps\\384PPL_PLUS_AQ_GP\\001-14434__6241e-2__384PPL_PLUS_AQ_GP__FT__40__GLY__v2.csv,001-14434
6241f-2#########,384PPL_PLUS_AQ_GP,FT,GLY,50,-,2,\\fserver\people\Arne\PYTHON\pyCyte\PlateQC\PlateMaps\\384PPL_PLUS_AQ_GP\\001-14435__6241f-2__384PPL_PLUS_AQ_GP__FT__50__GLY__v2.csv,001-14435
626A-93#########,384PPL_PLUS_AQ_GP,DD,GLY-DF,-,60,3,\\fserver\people\Arne\PYTHON\pyCyte\PlateQC\PlateMaps\\384PPL_PLUS_AQ_GP\\001-14369__626A-92__384PPL_PLUS_AQ_GP__DD__-__GLY-DF__60uL__v2.csv,001-14369
565f6b2#########,384PPL_AQ_BP,FF,PBS,100,20,2,\\fserver\people\Arne\PYTHON\pyCyte\PlateQC\PlateMaps\\384PPL_AQ_BP\\001-14333__565f6b2__384PPL_AQ_BP__FF__100__PBS__20uL__v2.csv,001-14333
565f6c2#########,384PPL_AQ_BP,FF,PBS,100,30,2,\\fserver\people\Arne\PYTHON\pyCyte\PlateQC\PlateMaps\\384PPL_AQ_BP\\001-14334__565f6c2__384PPL_AQ_BP__FF__100__PBS__30uL__v2.csv,001-14334
565f682#########,384PPL_AQ_BP,FF,PBS,100,40,2,\\fserver\people\Arne\PYTHON\pyCyte\PlateQC\PlateMaps\\384PPL_AQ_BP\\001-14335__565f682__384PPL_AQ_BP__FF__100__PBS__40uL__v2.csv,001-14335
565f6a2#########,384PPL_AQ_BP,FF,PBS,100,65,2,\\fserver\people\Arne\PYTHON\pyCyte\PlateQC\PlateMaps\\384PPL_AQ_BP\\001-14336__565f6a2__384PPL_AQ_BP__FF__100__PBS__65uL__v2.csv,001-14336
566B693#########,384PPL_AQ_BP,DD,PBS-DF,100,60,3,\\fserver\people\Arne\PYTHON\pyCyte\PlateQC\PlateMaps\\384PPL_AQ_BP\\001-14337__566B692__384PPL_AQ_BP__DD__100__PBS-DF__60uL__v2.csv,001-14337
25456-2#########,384PPG_AQ_SP_High,FT,PBS200,100,-,2,\\fserver\people\Arne\PYTHON\pyCyte\PlateQC\PlateMaps\\384PPG_AQ_SP_High\\001-14338__25456-2__384PPG_AQ_SP_High__FT__100__PBS200__v2.csv,001-14338
25556b2#########,384PPG_AQ_SP_High,FF,PBS200,100,20,2,\\fserver\people\Arne\PYTHON\pyCyte\PlateQC\PlateMaps\\384PPG_AQ_SP_High\\001-14339__25556b2__384PPG_AQ_SP_High__FF__100__PBS200__20uL__v2.csv,001-14339
25556c2#########,384PPG_AQ_SP_High,FF,PBS200,100,30,2,\\fserver\people\Arne\PYTHON\pyCyte\PlateQC\PlateMaps\\384PPG_AQ_SP_High\\001-14340__25556c2__384PPG_AQ_SP_High__FF__100__PBS200__30uL__v2.csv,001-14340
2555682#########,384PPG_AQ_SP_High,FF,PBS200,100,40,2,\\fserver\people\Arne\PYTHON\pyCyte\PlateQC\PlateMaps\\384PPG_AQ_SP_High\\001-14341__2555682__384PPG_AQ_SP_High__FF__100__PBS200__40uL__v2.csv,001-14341
25556a2#########,384PPG_AQ_SP_High,FF,PBS200,100,65,2,\\fserver\people\Arne\PYTHON\pyCyte\PlateQC\PlateMaps\\384PPG_AQ_SP_High\\001-14342__25556a2__384PPG_AQ_SP_High__FF__100__PBS200__65uL__v2.csv,001-14342
256D692#########,384PPG_AQ_SP_High,DD,PBS200-DF,100,60,2,\\fserver\people\Arne\PYTHON\pyCyte\PlateQC\PlateMaps\\384PPG_AQ_SP_High\\001-14343__256D692__384PPG_AQ_SP_High__DD__100__PBS200-DF__60uL__v2.csv,001-14343
27446-2#########,384PPG_AQ_SP,FT,PBS14,100,-,2,\\fserver\people\Arne\PYTHON\pyCyte\PlateQC\PlateMaps\\384PPG_AQ_SP\\001-14344__27446-2__384PPG_AQ_SP__FT__100__PBS14__v2.csv,001-14344
27546b2#########,384PPG_AQ_SP,FF,PBS14,100,20,2,\\fserver\people\Arne\PYTHON\pyCyte\PlateQC\PlateMaps\\384PPG_AQ_SP\\001-14345__27546b2__384PPG_AQ_SP__FF__100__PBS14__20uL__v2.csv,001-14345
27546c2#########,384PPG_AQ_SP,FF,PBS14,100,30,2,\\fserver\people\Arne\PYTHON\pyCyte\PlateQC\PlateMaps\\384PPG_AQ_SP\\001-14346__27546c2__384PPG_AQ_SP__FF__100__PBS14__30uL__v2.csv,001-14346
2754682#########,384PPG_AQ_SP,FF,PBS14,100,40,2,\\fserver\people\Arne\PYTHON\pyCyte\PlateQC\PlateMaps\\384PPG_AQ_SP\\001-14347__2754682__384PPG_AQ_SP__FF__100__PBS14__40uL__v2.csv,001-14347
27546a2#########,384PPG_AQ_SP,FF,PBS14,100,65,2,\\fserver\people\Arne\PYTHON\pyCyte\PlateQC\PlateMaps\\384PPG_AQ_SP\\001-14348__27546a2__384PPG_AQ_SP__FF__100__PBS14__65uL__v2.csv,001-14348
276C692#########,384PPG_AQ_SP,DD,PBS14-DF,100,60,2,\\fserver\people\Arne\PYTHON\pyCyte\PlateQC\PlateMaps\\384PPG_AQ_SP\\001-14349__276C692__384PPG_AQ_SP__DD__100__PBS14-DF__60uL__v2.csv,001-14349
55456-2#########,384PPL_AQ_SP_High,FT,PBS200,100,-,2,\\fserver\people\Arne\PYTHON\pyCyte\PlateQC\PlateMaps\\384PPL_AQ_SP_High\\001-14350__55456-2__384PPL_AQ_SP_High__FT__100__PBS200__v2.csv,001-14350
55556b2#########,384PPL_AQ_SP_High,FF,PBS200,100,20,2,\\fserver\people\Arne\PYTHON\pyCyte\PlateQC\PlateMaps\\384PPL_AQ_SP_High\\001-14351__55556b2__384PPL_AQ_SP_High__FF__100__PBS200__20uL__v2.csv,001-14351
55556c2#########,384PPL_AQ_SP_High,FF,PBS200,100,30,2,\\fserver\people\Arne\PYTHON\pyCyte\PlateQC\PlateMaps\\384PPL_AQ_SP_High\\001-14352__55556c2__384PPL_AQ_SP_High__FF__100__PBS200__30uL__v2.csv,001-14352
5555682#########,384PPL_AQ_SP_High,FF,PBS200,100,40,2,\\fserver\people\Arne\PYTHON\pyCyte\PlateQC\PlateMaps\\384PPL_AQ_SP_High\\001-14353__5555682__384PPL_AQ_SP_High__FF__100__PBS200__40uL__v2.csv,001-14353
55556a2#########,384PPL_AQ_SP_High,FF,PBS200,100,65,2,\\fserver\people\Arne\PYTHON\pyCyte\PlateQC\PlateMaps\\384PPL_AQ_SP_High\\001-14354__55556a2__384PPL_AQ_SP_High__FF__100__PBS200__65uL__v2.csv,001-14354
556D693#########,384PPL_AQ_SP_High,DD,PBS200-DF,100,60,3,\\fserver\people\Arne\PYTHON\pyCyte\PlateQC\PlateMaps\\384PPL_AQ_SP_High\\001-14355__556D692__384PPL_AQ_SP_High__DD__100__PBS200-DF__60uL__v2.csv,001-14355
57446-2#########,384PPL_AQ_SP,FT,PBS14,100,-,2,\\fserver\people\Arne\PYTHON\pyCyte\PlateQC\PlateMaps\\384PPL_AQ_SP\\001-14356__57446-2__384PPL_AQ_SP__FT__100__PBS14__v2.csv,001-14356
57546b2#########,384PPL_AQ_SP,FF,PBS14,100,20,2,\\fserver\people\Arne\PYTHON\pyCyte\PlateQC\PlateMaps\\384PPL_AQ_SP\\001-14357__57546b2__384PPL_AQ_SP__FF__100__PBS14__20uL__v2.csv,001-14357
57546c2#########,384PPL_AQ_SP,FF,PBS14,100,30,2,\\fserver\people\Arne\PYTHON\pyCyte\PlateQC\PlateMaps\\384PPL_AQ_SP\\001-14358__57546c2__384PPL_AQ_SP__FF__100__PBS14__30uL__v2.csv,001-14358
5754682#########,384PPL_AQ_SP,FF,PBS14,100,40,2,\\fserver\people\Arne\PYTHON\pyCyte\PlateQC\PlateMaps\\384PPL_AQ_SP\\001-14359__5754682__384PPL_AQ_SP__FF__100__PBS14__40uL__v2.csv,001-14359
57546a2#########,384PPL_AQ_SP,FF,PBS14,100,65,2,\\fserver\people\Arne\PYTHON\pyCyte\PlateQC\PlateMaps\\384PPL_AQ_SP\\001-14360__57546a2__384PPL_AQ_SP__FF__100__PBS14__65uL__v2.csv,001-14360
576C693#########,384PPL_AQ_SP,DD,PBS14-DF,100,60,3,\\fserver\people\Arne\PYTHON\pyCyte\PlateQC\PlateMaps\\384PPL_AQ_SP\\001-14361__576C692__384PPL_AQ_SP__DD__100__PBS14-DF__60uL__v2.csv,001-14361
4131--2#########,6RESP_AQ_BP2,ICP,GLY,-,-,2,\\fserver\people\Arne\PYTHON\pyCyte\PlateQC\PlateMaps\\6RESP_AQ_BP2\\001-14240__4131--2__6RESP_AQ_BP2__ICP__-__GLY__v2.csv,001-14240
4237--2#########,6RESP_AQ_GPSA2,ICP,GPS30,-,-,2,\\fserver\people\Arne\PYTHON\pyCyte\PlateQC\PlateMaps\\6RESP_AQ_GPSA2\\001-14241__4237--2__6RESP_AQ_GPSA2__ICP__-__GPS30__v2.csv,001-14241
4338--2#########,6RESP_AQ_GPSB2,ICP,GPS50,-,-,2,\\fserver\people\Arne\PYTHON\pyCyte\PlateQC\PlateMaps\\6RESP_AQ_GPSB2\\001-14242__4338--2__6RESP_AQ_GPSB2__ICP__-__GPS50__v2.csv,001-14242
4161-d2#########,6RESP_AQ_BP2,DD,GLY,-,2000,2,\\fserver\people\Arne\PYTHON\pyCyte\PlateQC\PlateMaps\\6RESP_AQ_BP2\\001-14243__4161-d2__6RESP_AQ_BP2__DD__-__GLY__2000uL__v2.csv,001-14243
426e-d2#########,6RESP_AQ_GPSA2,DD,GPS5,-,2000,2,\\fserver\people\Arne\PYTHON\pyCyte\PlateQC\PlateMaps\\6RESP_AQ_GPSA2\\001-14244__426e-d2__6RESP_AQ_GPSA2__DD__-__GPS5__2000uL__v2.csv,001-14244
4367-d2#########,6RESP_AQ_GPSB2,DD,GPS30,-,2000,2,\\fserver\people\Arne\PYTHON\pyCyte\PlateQC\PlateMaps\\6RESP_AQ_GPSB2\\001-14245__4367-d2__6RESP_AQ_GPSB2__DD__-__GPS30__2000uL__v2.csv,001-14245
4368-d2#########,6RESP_AQ_GPSB2,DD,GPS50,-,2000,2,\\fserver\people\Arne\PYTHON\pyCyte\PlateQC\PlateMaps\\6RESP_AQ_GPSB2\\001-14246__4368-d2__6RESP_AQ_GPSB2__DD__-__GPS50__2000uL__v2.csv,001-14246
416G-e2#########,6RESP_AQ_BP2,DD,GLY-T,-,2172,2,\\fserver\people\Arne\PYTHON\pyCyte\PlateQC\PlateMaps\\6RESP_AQ_BP2\\001-14247__416G-e2__6RESP_AQ_BP2__DD__-__GLY-T__2172uL__v2.csv,001-14247
426H-e2#########,6RESP_AQ_GPSA2,DD,GPS10-T,-,2172,2,\\fserver\people\Arne\PYTHON\pyCyte\PlateQC\PlateMaps\\6RESP_AQ_GPSA2\\001-14248__426H-e2__6RESP_AQ_GPSA2__DD__-__GPS10-T__2172uL__v2.csv,001-14248
436I-e2#########,6RESP_AQ_GPSB2,DD,GPS50-T,-,2172,2,\\fserver\people\Arne\PYTHON\pyCyte\PlateQC\PlateMaps\\6RESP_AQ_GPSB2\\001-14249__436I-e2__6RESP_AQ_GPSB2__DD__-__GPS50-T__2172uL__v2.csv,001-14249
4101a-2#########,6RESP_AQ_BP2,SIG,GLY,0,-,2,\\fserver\people\Arne\PYTHON\pyCyte\PlateQC\PlateMaps\\6RESP_AQ_BP2\\001-14250__4101a-2__6RESP_AQ_BP2__SIG__0__GLY__v2.csv,001-14250
4101b-2#########,6RESP_AQ_BP2,SIG,GLY,10,-,2,\\fserver\people\Arne\PYTHON\pyCyte\PlateQC\PlateMaps\\6RESP_AQ_BP2\\001-14251__4101b-2__6RESP_AQ_BP2__SIG__10__GLY__v2.csv,001-14251
4101c-2#########,6RESP_AQ_BP2,SIG,GLY,20,-,2,\\fserver\people\Arne\PYTHON\pyCyte\PlateQC\PlateMaps\\6RESP_AQ_BP2\\001-14252__4101c-2__6RESP_AQ_BP2__SIG__20__GLY__v2.csv,001-14252
4101d-2#########,6RESP_AQ_BP2,SIG,GLY,30,-,2,\\fserver\people\Arne\PYTHON\pyCyte\PlateQC\PlateMaps\\6RESP_AQ_BP2\\001-14253__4101d-2__6RESP_AQ_BP2__SIG__30__GLY__v2.csv,001-14253
4101e-2#########,6RESP_AQ_BP2,SIG,GLY,40,-,2,\\fserver\people\Arne\PYTHON\pyCyte\PlateQC\PlateMaps\\6RESP_AQ_BP2\\001-14254__4101e-2__6RESP_AQ_BP2__SIG__40__GLY__v2.csv,001-14254
6211a-2#########,384PPL_PLUS_AQ_GP,UCP,GLY,0,-,2,\\fserver\people\Arne\PYTHON\pyCyte\PlateQC\PlateMaps\\384PPL_PLUS_AQ_GP\\001-14362__6211a-2__384PPL_PLUS_AQ_GP__UCP__0__GLY__v2.csv,001-14362
6211b-2#########,384PPL_PLUS_AQ_GP,UCP,GLY,10,-,2,\\fserver\people\Arne\PYTHON\pyCyte\PlateQC\PlateMaps\\384PPL_PLUS_AQ_GP\\XXX-YYYYY__6211b-2__384PPL_PLUS_AQ_GP__UCP__10__GLY__v2.csv,XXX-YYYYY
6211c-2#########,384PPL_PLUS_AQ_GP,UCP,GLY,20,-,2,\\fserver\people\Arne\PYTHON\pyCyte\PlateQC\PlateMaps\\384PPL_PLUS_AQ_GP\\001-14363__6211c-2__384PPL_PLUS_AQ_GP__UCP__20__GLY__v2.csv,001-14363
6211f-2#########,384PPL_PLUS_AQ_GP,UCP,GLY,50,-,2,\\fserver\people\Arne\PYTHON\pyCyte\PlateQC\PlateMaps\\384PPL_PLUS_AQ_GP\\001-14364__6211f-2__384PPL_PLUS_AQ_GP__UCP__50__GLY__v2.csv,001-14364
3211a-2#########,384PPG_PLUS_AQ_GP,UCP,GLY,0,-,2,\\fserver\people\Arne\PYTHON\pyCyte\PlateQC\PlateMaps\\384PPG_PLUS_AQ_GP\\001-14365__3211a-2__384PPG_PLUS_AQ_GP__UCP__0__GLY__v2.csv,001-14365
3211b-2#########,384PPG_PLUS_AQ_GP,UCP,GLY,10,-,2,\\fserver\people\Arne\PYTHON\pyCyte\PlateQC\PlateMaps\\384PPG_PLUS_AQ_GP\\XXX-YYYYY__3211b-2__384PPG_PLUS_AQ_GP__UCP__10__GLY__v2.csv,XXX-YYYYY
3211c-2#########,384PPG_PLUS_AQ_GP,UCP,GLY,20,-,2,\\fserver\people\Arne\PYTHON\pyCyte\PlateQC\PlateMaps\\384PPG_PLUS_AQ_GP\\001-14366__3211c-2__384PPG_PLUS_AQ_GP__UCP__20__GLY__v2.csv,001-14366
3211f-2#########,384PPG_PLUS_AQ_GP,UCP,GLY,50,-,2,\\fserver\people\Arne\PYTHON\pyCyte\PlateQC\PlateMaps\\384PPG_PLUS_AQ_GP\\001-14367__3211f-2__384PPG_PLUS_AQ_GP__UCP__50__GLY__v2.csv,001-14367
571f6-2#########,384PPL_AQ_SP,UCP,PBS,100,-,2,\\fserver\people\Arne\PYTHON\pyCyte\PlateQC\PlateMaps\\384PPL_AQ_SP\\001-14370__571f6-2__384PPL_AQ_SP__UCP__100__PBS__v2.csv,001-14370
271f6-2#########,384PPG_AQ_SP,UCP,PBS,100,-,2,\\fserver\people\Arne\PYTHON\pyCyte\PlateQC\PlateMaps\\384PPG_AQ_SP\\001-14371__271f6-2__384PPG_AQ_SP__UCP__100__PBS__v2.csv,001-14371
70100-1#########,96TRK_DMSO,UCP,DMSO,70,-,1,\\fserver\people\Arne\PYTHON\pyCyte\PlateQC\PlateMaps\\96TRK_DMSO\\XXX-YYYYY__70100-1__96TRK_DMSO__UCP__70__DMSO__v1.csv,XXX-YYYYY
70101-1#########,96TRK_DMSO,UCP,DMSO,75,-,1,\\fserver\people\Arne\PYTHON\pyCyte\PlateQC\PlateMaps\\96TRK_DMSO\\XXX-YYYYY__70101-1__96TRK_DMSO__UCP__75__DMSO__v1.csv,XXX-YYYYY
70102-1#########,96TRK_DMSO,UCP,DMSO,80,-,1,\\fserver\people\Arne\PYTHON\pyCyte\PlateQC\PlateMaps\\96TRK_DMSO\\XXX-YYYYY__70102-1__96TRK_DMSO__UCP__80__DMSO__v1.csv,XXX-YYYYY
70103-1#########,96TRK_DMSO,UCP,DMSO,85,-,1,\\fserver\people\Arne\PYTHON\pyCyte\PlateQC\PlateMaps\\96TRK_DMSO\\XXX-YYYYY__70103-1__96TRK_DMSO__UCP__85__DMSO__v1.csv,XXX-YYYYY
70104-1#########,96TRK_DMSO,UCP,DMSO,90,-,1,\\fserver\people\Arne\PYTHON\pyCyte\PlateQC\PlateMaps\\96TRK_DMSO\\XXX-YYYYY__70104-1__96TRK_DMSO__UCP__90__DMSO__v1.csv,XXX-YYYYY
70105-1#########,96TRK_DMSO,UCP,DMSO,95,-,1,\\fserver\people\Arne\PYTHON\pyCyte\PlateQC\PlateMaps\\96TRK_DMSO\\XXX-YYYYY__70105-1__96TRK_DMSO__UCP__95__DMSO__v1.csv,XXX-YYYYY
70106-1#########,96TRK_DMSO,UCP,DMSO,100,-,1,\\fserver\people\Arne\PYTHON\pyCyte\PlateQC\PlateMaps\\96TRK_DMSO\\XXX-YYYYY__70106-1__96TRK_DMSO__UCP__100__DMSO__v1.csv,XXX-YYYYY
70500b1#########,96TRK_DMSO,FF,DMSO,70,20,1,\\fserver\people\Arne\PYTHON\pyCyte\PlateQC\PlateMaps\\96TRK_DMSO\\XXX-YYYYY__70500b1__96TRK_DMSO__FF__70__DMSO__20uL__v1.csv,XXX-YYYYY
70500f1#########,96TRK_DMSO,FF,DMSO,70,55,1,\\fserver\people\Arne\PYTHON\pyCyte\PlateQC\PlateMaps\\96TRK_DMSO\\XXX-YYYYY__70500f1__96TRK_DMSO__FF__70__DMSO__55uL__v1.csv,XXX-YYYYY
70500g1#########,96TRK_DMSO,FF,DMSO,70,95,1,\\fserver\people\Arne\PYTHON\pyCyte\PlateQC\PlateMaps\\96TRK_DMSO\\XXX-YYYYY__70500g1__96TRK_DMSO__FF__70__DMSO__95uL__v1.csv,XXX-YYYYY
70501b1#########,96TRK_DMSO,FF,DMSO,75,20,1,\\fserver\people\Arne\PYTHON\pyCyte\PlateQC\PlateMaps\\96TRK_DMSO\\XXX-YYYYY__70501b1__96TRK_DMSO__FF__75__DMSO__20uL__v1.csv,XXX-YYYYY
70501f1#########,96TRK_DMSO,FF,DMSO,75,55,1,\\fserver\people\Arne\PYTHON\pyCyte\PlateQC\PlateMaps\\96TRK_DMSO\\XXX-YYYYY__70501f1__96TRK_DMSO__FF__75__DMSO__55uL__v1.csv,XXX-YYYYY
70501g1#########,96TRK_DMSO,FF,DMSO,75,95,1,\\fserver\people\Arne\PYTHON\pyCyte\PlateQC\PlateMaps\\96TRK_DMSO\\XXX-YYYYY__70501g1__96TRK_DMSO__FF__75__DMSO__95uL__v1.csv,XXX-YYYYY
70502b1#########,96TRK_DMSO,FF,DMSO,80,20,1,\\fserver\people\Arne\PYTHON\pyCyte\PlateQC\PlateMaps\\96TRK_DMSO\\XXX-YYYYY__70502b1__96TRK_DMSO__FF__80__DMSO__20uL__v1.csv,XXX-YYYYY
70502f1#########,96TRK_DMSO,FF,DMSO,80,55,1,\\fserver\people\Arne\PYTHON\pyCyte\PlateQC\PlateMaps\\96TRK_DMSO\\XXX-YYYYY__70502f1__96TRK_DMSO__FF__80__DMSO__55uL__v1.csv,XXX-YYYYY
70502g1#########,96TRK_DMSO,FF,DMSO,80,95,1,\\fserver\people\Arne\PYTHON\pyCyte\PlateQC\PlateMaps\\96TRK_DMSO\\XXX-YYYYY__70502g1__96TRK_DMSO__FF__80__DMSO__95uL__v1.csv,XXX-YYYYY
70503b1#########,96TRK_DMSO,FF,DMSO,85,20,1,\\fserver\people\Arne\PYTHON\pyCyte\PlateQC\PlateMaps\\96TRK_DMSO\\XXX-YYYYY__70503b1__96TRK_DMSO__FF__85__DMSO__20uL__v1.csv,XXX-YYYYY
70503f1#########,96TRK_DMSO,FF,DMSO,85,55,1,\\fserver\people\Arne\PYTHON\pyCyte\PlateQC\PlateMaps\\96TRK_DMSO\\XXX-YYYYY__70503f1__96TRK_DMSO__FF__85__DMSO__55uL__v1.csv,XXX-YYYYY
70503g1#########,96TRK_DMSO,FF,DMSO,85,95,1,\\fserver\people\Arne\PYTHON\pyCyte\PlateQC\PlateMaps\\96TRK_DMSO\\XXX-YYYYY__70503g1__96TRK_DMSO__FF__85__DMSO__95uL__v1.csv,XXX-YYYYY
70504b1#########,96TRK_DMSO,FF,DMSO,90,20,1,\\fserver\people\Arne\PYTHON\pyCyte\PlateQC\PlateMaps\\96TRK_DMSO\\XXX-YYYYY__70504b1__96TRK_DMSO__FF__90__DMSO__20uL__v1.csv,XXX-YYYYY
70504f1#########,96TRK_DMSO,FF,DMSO,90,55,1,\\fserver\people\Arne\PYTHON\pyCyte\PlateQC\PlateMaps\\96TRK_DMSO\\XXX-YYYYY__70504f1__96TRK_DMSO__FF__90__DMSO__55uL__v1.csv,XXX-YYYYY
70504g1#########,96TRK_DMSO,FF,DMSO,90,95,1,\\fserver\people\Arne\PYTHON\pyCyte\PlateQC\PlateMaps\\96TRK_DMSO\\XXX-YYYYY__70504g1__96TRK_DMSO__FF__90__DMSO__95uL__v1.csv,XXX-YYYYY
70505b1#########,96TRK_DMSO,FF,DMSO,95,20,1,\\fserver\people\Arne\PYTHON\pyCyte\PlateQC\PlateMaps\\96TRK_DMSO\\XXX-YYYYY__70505b1__96TRK_DMSO__FF__95__DMSO__20uL__v1.csv,XXX-YYYYY
70505f1#########,96TRK_DMSO,FF,DMSO,95,55,1,\\fserver\people\Arne\PYTHON\pyCyte\PlateQC\PlateMaps\\96TRK_DMSO\\XXX-YYYYY__70505f1__96TRK_DMSO__FF__95__DMSO__55uL__v1.csv,XXX-YYYYY
70505g1#########,96TRK_DMSO,FF,DMSO,95,95,1,\\fserver\people\Arne\PYTHON\pyCyte\PlateQC\PlateMaps\\96TRK_DMSO\\XXX-YYYYY__70505g1__96TRK_DMSO__FF__95__DMSO__95uL__v1.csv,XXX-YYYYY
70506b1#########,96TRK_DMSO,FF,DMSO,100,20,1,\\fserver\people\Arne\PYTHON\pyCyte\PlateQC\PlateMaps\\96TRK_DMSO\\XXX-YYYYY__70506b1__96TRK_DMSO__FF__100__DMSO__20uL__v1.csv,XXX-YYYYY
70506f1#########,96TRK_DMSO,FF,DMSO,100,55,1,\\fserver\people\Arne\PYTHON\pyCyte\PlateQC\PlateMaps\\96TRK_DMSO\\XXX-YYYYY__70506f1__96TRK_DMSO__FF__100__DMSO__55uL__v1.csv,XXX-YYYYY
70506g1#########,96TRK_DMSO,FF,DMSO,100,95,1,\\fserver\people\Arne\PYTHON\pyCyte\PlateQC\PlateMaps\\96TRK_DMSO\\XXX-YYYYY__70506g1__96TRK_DMSO__FF__100__DMSO__95uL__v1.csv,XXX-YYYYY
70400-1#########,96TRK_DMSO,FT,DMSO,70,-,1,\\fserver\people\Arne\PYTHON\pyCyte\PlateQC\PlateMaps\\96TRK_DMSO\\XXX-YYYYY__70400-1__96TRK_DMSO__FT__70__DMSO__v1.csv,XXX-YYYYY
70401-1#########,96TRK_DMSO,FT,DMSO,75,-,1,\\fserver\people\Arne\PYTHON\pyCyte\PlateQC\PlateMaps\\96TRK_DMSO\\XXX-YYYYY__70401-1__96TRK_DMSO__FT__75__DMSO__v1.csv,XXX-YYYYY
70402-1#########,96TRK_DMSO,FT,DMSO,80,-,1,\\fserver\people\Arne\PYTHON\pyCyte\PlateQC\PlateMaps\\96TRK_DMSO\\XXX-YYYYY__70402-1__96TRK_DMSO__FT__80__DMSO__v1.csv,XXX-YYYYY
70403-1#########,96TRK_DMSO,FT,DMSO,85,-,1,\\fserver\people\Arne\PYTHON\pyCyte\PlateQC\PlateMaps\\96TRK_DMSO\\XXX-YYYYY__70403-1__96TRK_DMSO__FT__85__DMSO__v1.csv,XXX-YYYYY
70404-1#########,96TRK_DMSO,FT,DMSO,90,-,1,\\fserver\people\Arne\PYTHON\pyCyte\PlateQC\PlateMaps\\96TRK_DMSO\\XXX-YYYYY__70404-1__96TRK_DMSO__FT__90__DMSO__v1.csv,XXX-YYYYY
70405-1#########,96TRK_DMSO,FT,DMSO,95,-,1,\\fserver\people\Arne\PYTHON\pyCyte\PlateQC\PlateMaps\\96TRK_DMSO\\XXX-YYYYY__70405-1__96TRK_DMSO__FT__95__DMSO__v1.csv,XXX-YYYYY
70406-1#########,96TRK_DMSO,FT,DMSO,100,-,1,\\fserver\people\Arne\PYTHON\pyCyte\PlateQC\PlateMaps\\96TRK_DMSO\\XXX-YYYYY__70406-1__96TRK_DMSO__FT__100__DMSO__v1.csv,XXX-YYYYY
7111a-1#########,96TRK_AQ_GP,UCP,GLY,0,-,1,\\fserver\people\Arne\PYTHON\pyCyte\PlateQC\PlateMaps\\96TRK_AQ_GP\\XXX-YYYYY__7111a-1__96TRK_AQ_GP__UCP__0__GLY__v1.csv,XXX-YYYYY
7111b-1#########,96TRK_AQ_GP,UCP,GLY,10,-,1,\\fserver\people\Arne\PYTHON\pyCyte\PlateQC\PlateMaps\\96TRK_AQ_GP\\XXX-YYYYY__7111b-1__96TRK_AQ_GP__UCP__10__GLY__v1.csv,XXX-YYYYY
7111c-1#########,96TRK_AQ_GP,UCP,GLY,20,-,1,\\fserver\people\Arne\PYTHON\pyCyte\PlateQC\PlateMaps\\96TRK_AQ_GP\\XXX-YYYYY__7111c-1__96TRK_AQ_GP__UCP__20__GLY__v1.csv,XXX-YYYYY
7111d-1#########,96TRK_AQ_GP,UCP,GLY,30,-,1,\\fserver\people\Arne\PYTHON\pyCyte\PlateQC\PlateMaps\\96TRK_AQ_GP\\XXX-YYYYY__7111d-1__96TRK_AQ_GP__UCP__30__GLY__v1.csv,XXX-YYYYY
7111e-1#########,96TRK_AQ_GP,UCP,GLY,40,-,1,\\fserver\people\Arne\PYTHON\pyCyte\PlateQC\PlateMaps\\96TRK_AQ_GP\\XXX-YYYYY__7111e-1__96TRK_AQ_GP__UCP__40__GLY__v1.csv,XXX-YYYYY
7111h-1#########,96TRK_AQ_GP,UCP,GLY,45,-,1,\\fserver\people\Arne\PYTHON\pyCyte\PlateQC\PlateMaps\\96TRK_AQ_GP\\XXX-YYYYY__7111h-1__96TRK_AQ_GP__UCP__45__GLY__v1.csv,XXX-YYYYY
7111f-1#########,96TRK_AQ_GP,UCP,GLY,50,-,1,\\fserver\people\Arne\PYTHON\pyCyte\PlateQC\PlateMaps\\96TRK_AQ_GP\\XXX-YYYYY__7111f-1__96TRK_AQ_GP__UCP__50__GLY__v1.csv,XXX-YYYYY
7111g-1#########,96TRK_AQ_GP,UCP,GLY,55,-,1,\\fserver\people\Arne\PYTHON\pyCyte\PlateQC\PlateMaps\\96TRK_AQ_GP\\XXX-YYYYY__7111g-1__96TRK_AQ_GP__UCP__55__GLY__v1.csv,XXX-YYYYY
7151ab1#########,96TRK_AQ_GP,FF,GLY,0,20,1,\\fserver\people\Arne\PYTHON\pyCyte\PlateQC\PlateMaps\\96TRK_AQ_GP\\XXX-YYYYY__7151ab1__96TRK_AQ_GP__FF__0__GLY__20uL__v1.csv,XXX-YYYYY
7151af1#########,96TRK_AQ_GP,FF,GLY,0,55,1,\\fserver\people\Arne\PYTHON\pyCyte\PlateQC\PlateMaps\\96TRK_AQ_GP\\XXX-YYYYY__7151af1__96TRK_AQ_GP__FF__0__GLY__55uL__v1.csv,XXX-YYYYY
7151ag1#########,96TRK_AQ_GP,FF,GLY,0,95,1,\\fserver\people\Arne\PYTHON\pyCyte\PlateQC\PlateMaps\\96TRK_AQ_GP\\XXX-YYYYY__7151ag1__96TRK_AQ_GP__FF__0__GLY__95uL__v1.csv,XXX-YYYYY
7151bb1#########,96TRK_AQ_GP,FF,GLY,10,20,1,\\fserver\people\Arne\PYTHON\pyCyte\PlateQC\PlateMaps\\96TRK_AQ_GP\\XXX-YYYYY__7151bb1__96TRK_AQ_GP__FF__10__GLY__20uL__v1.csv,XXX-YYYYY
7151bf1#########,96TRK_AQ_GP,FF,GLY,10,55,1,\\fserver\people\Arne\PYTHON\pyCyte\PlateQC\PlateMaps\\96TRK_AQ_GP\\XXX-YYYYY__7151bf1__96TRK_AQ_GP__FF__10__GLY__55uL__v1.csv,XXX-YYYYY
7151bg1#########,96TRK_AQ_GP,FF,GLY,10,95,1,\\fserver\people\Arne\PYTHON\pyCyte\PlateQC\PlateMaps\\96TRK_AQ_GP\\XXX-YYYYY__7151bg1__96TRK_AQ_GP__FF__10__GLY__95uL__v1.csv,XXX-YYYYY
7151cb1#########,96TRK_AQ_GP,FF,GLY,20,20,1,\\fserver\people\Arne\PYTHON\pyCyte\PlateQC\PlateMaps\\96TRK_AQ_GP\\XXX-YYYYY__7151cb1__96TRK_AQ_GP__FF__20__GLY__20uL__v1.csv,XXX-YYYYY
7151cf1#########,96TRK_AQ_GP,FF,GLY,20,55,1,\\fserver\people\Arne\PYTHON\pyCyte\PlateQC\PlateMaps\\96TRK_AQ_GP\\XXX-YYYYY__7151cf1__96TRK_AQ_GP__FF__20__GLY__55uL__v1.csv,XXX-YYYYY
7151cg1#########,96TRK_AQ_GP,FF,GLY,20,95,1,\\fserver\people\Arne\PYTHON\pyCyte\PlateQC\PlateMaps\\96TRK_AQ_GP\\XXX-YYYYY__7151cg1__96TRK_AQ_GP__FF__20__GLY__95uL__v1.csv,XXX-YYYYY
7151db1#########,96TRK_AQ_GP,FF,GLY,30,20,1,\\fserver\people\Arne\PYTHON\pyCyte\PlateQC\PlateMaps\\96TRK_AQ_GP\\XXX-YYYYY__7151db1__96TRK_AQ_GP__FF__30__GLY__20uL__v1.csv,XXX-YYYYY
7151df1#########,96TRK_AQ_GP,FF,GLY,30,55,1,\\fserver\people\Arne\PYTHON\pyCyte\PlateQC\PlateMaps\\96TRK_AQ_GP\\XXX-YYYYY__7151df1__96TRK_AQ_GP__FF__30__GLY__55uL__v1.csv,XXX-YYYYY
7151dg1#########,96TRK_AQ_GP,FF,GLY,30,95,1,\\fserver\people\Arne\PYTHON\pyCyte\PlateQC\PlateMaps\\96TRK_AQ_GP\\XXX-YYYYY__7151dg1__96TRK_AQ_GP__FF__30__GLY__95uL__v1.csv,XXX-YYYYY
7151eb1#########,96TRK_AQ_GP,FF,GLY,40,20,1,\\fserver\people\Arne\PYTHON\pyCyte\PlateQC\PlateMaps\\96TRK_AQ_GP\\XXX-YYYYY__7151eb1__96TRK_AQ_GP__FF__40__GLY__20uL__v1.csv,XXX-YYYYY
7151ef1#########,96TRK_AQ_GP,FF,GLY,40,55,1,\\fserver\people\Arne\PYTHON\pyCyte\PlateQC\PlateMaps\\96TRK_AQ_GP\\XXX-YYYYY__7151ef1__96TRK_AQ_GP__FF__40__GLY__55uL__v1.csv,XXX-YYYYY
7151eg1#########,96TRK_AQ_GP,FF,GLY,40,95,1,\\fserver\people\Arne\PYTHON\pyCyte\PlateQC\PlateMaps\\96TRK_AQ_GP\\XXX-YYYYY__7151eg1__96TRK_AQ_GP__FF__40__GLY__95uL__v1.csv,XXX-YYYYY
7151hb1#########,96TRK_AQ_GP,FF,GLY,45,20,1,\\fserver\people\Arne\PYTHON\pyCyte\PlateQC\PlateMaps\\96TRK_AQ_GP\\XXX-YYYYY__7151hb1__96TRK_AQ_GP__FF__45__GLY__20uL__v1.csv,XXX-YYYYY
7151hf1#########,96TRK_AQ_GP,FF,GLY,45,55,1,\\fserver\people\Arne\PYTHON\pyCyte\PlateQC\PlateMaps\\96TRK_AQ_GP\\XXX-YYYYY__7151hf1__96TRK_AQ_GP__FF__45__GLY__55uL__v1.csv,XXX-YYYYY
7151hg1#########,96TRK_AQ_GP,FF,GLY,45,95,1,\\fserver\people\Arne\PYTHON\pyCyte\PlateQC\PlateMaps\\96TRK_AQ_GP\\XXX-YYYYY__7151hg1__96TRK_AQ_GP__FF__45__GLY__95uL__v1.csv,XXX-YYYYY
7151fb1#########,96TRK_AQ_GP,FF,GLY,50,20,1,\\fserver\people\Arne\PYTHON\pyCyte\PlateQC\PlateMaps\\96TRK_AQ_GP\\XXX-YYYYY__7151fb1__96TRK_AQ_GP__FF__50__GLY__20uL__v1.csv,XXX-YYYYY
7151ff1#########,96TRK_AQ_GP,FF,GLY,50,55,1,\\fserver\people\Arne\PYTHON\pyCyte\PlateQC\PlateMaps\\96TRK_AQ_GP\\XXX-YYYYY__7151ff1__96TRK_AQ_GP__FF__50__GLY__55uL__v1.csv,XXX-YYYYY
7151fg1#########,96TRK_AQ_GP,FF,GLY,50,95,1,\\fserver\people\Arne\PYTHON\pyCyte\PlateQC\PlateMaps\\96TRK_AQ_GP\\XXX-YYYYY__7151fg1__96TRK_AQ_GP__FF__50__GLY__95uL__v1.csv,XXX-YYYYY
7151gb1#########,96TRK_AQ_GP,FF,GLY,55,20,1,\\fserver\people\Arne\PYTHON\pyCyte\PlateQC\PlateMaps\\96TRK_AQ_GP\\XXX-YYYYY__7151gb1__96TRK_AQ_GP__FF__55__GLY__20uL__v1.csv,XXX-YYYYY
7151gf1#########,96TRK_AQ_GP,FF,GLY,55,55,1,\\fserver\people\Arne\PYTHON\pyCyte\PlateQC\PlateMaps\\96TRK_AQ_GP\\XXX-YYYYY__7151gf1__96TRK_AQ_GP__FF__55__GLY__55uL__v1.csv,XXX-YYYYY
7151gg1#########,96TRK_AQ_GP,FF,GLY,55,95,1,\\fserver\people\Arne\PYTHON\pyCyte\PlateQC\PlateMaps\\96TRK_AQ_GP\\XXX-YYYYY__7151gg1__96TRK_AQ_GP__FF__55__GLY__95uL__v1.csv,XXX-YYYYY
7141a-1#########,96TRK_AQ_GP,FT,GLY,0,-,1,\\fserver\people\Arne\PYTHON\pyCyte\PlateQC\PlateMaps\\96TRK_AQ_GP\\XXX-YYYYY__7141a-1__96TRK_AQ_GP__FT__0__GLY__v1.csv,XXX-YYYYY
7141b-1#########,96TRK_AQ_GP,FT,GLY,10,-,1,\\fserver\people\Arne\PYTHON\pyCyte\PlateQC\PlateMaps\\96TRK_AQ_GP\\XXX-YYYYY__7141b-1__96TRK_AQ_GP__FT__10__GLY__v1.csv,XXX-YYYYY
7141c-1#########,96TRK_AQ_GP,FT,GLY,20,-,1,\\fserver\people\Arne\PYTHON\pyCyte\PlateQC\PlateMaps\\96TRK_AQ_GP\\XXX-YYYYY__7141c-1__96TRK_AQ_GP__FT__20__GLY__v1.csv,XXX-YYYYY
7141d-1#########,96TRK_AQ_GP,FT,GLY,30,-,1,\\fserver\people\Arne\PYTHON\pyCyte\PlateQC\PlateMaps\\96TRK_AQ_GP\\XXX-YYYYY__7141d-1__96TRK_AQ_GP__FT__30__GLY__v1.csv,XXX-YYYYY
7141e-1#########,96TRK_AQ_GP,FT,GLY,40,-,1,\\fserver\people\Arne\PYTHON\pyCyte\PlateQC\PlateMaps\\96TRK_AQ_GP\\XXX-YYYYY__7141e-1__96TRK_AQ_GP__FT__40__GLY__v1.csv,XXX-YYYYY
7141h-1#########,96TRK_AQ_GP,FT,GLY,45,-,1,\\fserver\people\Arne\PYTHON\pyCyte\PlateQC\PlateMaps\\96TRK_AQ_GP\\XXX-YYYYY__7141h-1__96TRK_AQ_GP__FT__45__GLY__v1.csv,XXX-YYYYY
7141f-1#########,96TRK_AQ_GP,FT,GLY,50,-,1,\\fserver\people\Arne\PYTHON\pyCyte\PlateQC\PlateMaps\\96TRK_AQ_GP\\XXX-YYYYY__7141f-1__96TRK_AQ_GP__FT__50__GLY__v1.csv,XXX-YYYYY
7141g-1#########,96TRK_AQ_GP,FT,GLY,55,-,1,\\fserver\people\Arne\PYTHON\pyCyte\PlateQC\PlateMaps\\96TRK_AQ_GP\\XXX-YYYYY__7141g-1__96TRK_AQ_GP__FT__55__GLY__v1.csv,XXX-YYYYY
72136-1#########,96TRK_AQ_SP,UCP,PBS5,100,-,1,\\fserver\people\Arne\PYTHON\pyCyte\PlateQC\PlateMaps\\96TRK_AQ_SP\\XXX-YYYYY__72136-1__96TRK_AQ_SP__UCP__100__PBS5__v1.csv,XXX-YYYYY
72536b1#########,96TRK_AQ_SP,FF,PBS5,100,20,1,\\fserver\people\Arne\PYTHON\pyCyte\PlateQC\PlateMaps\\96TRK_AQ_SP\\XXX-YYYYY__72536b1__96TRK_AQ_SP__FF__100__PBS5__20uL__v1.csv,XXX-YYYYY
72536f1#########,96TRK_AQ_SP,FF,PBS5,100,55,1,\\fserver\people\Arne\PYTHON\pyCyte\PlateQC\PlateMaps\\96TRK_AQ_SP\\XXX-YYYYY__72536f1__96TRK_AQ_SP__FF__100__PBS5__55uL__v1.csv,XXX-YYYYY
72536g1#########,96TRK_AQ_SP,FF,PBS5,100,95,1,\\fserver\people\Arne\PYTHON\pyCyte\PlateQC\PlateMaps\\96TRK_AQ_SP\\XXX-YYYYY__72536g1__96TRK_AQ_SP__FF__100__PBS5__95uL__v1.csv,XXX-YYYYY
72436-1#########,96TRK_AQ_SP,FT,PBS5,100,-,1,\\fserver\people\Arne\PYTHON\pyCyte\PlateQC\PlateMaps\\96TRK_AQ_SP\\XXX-YYYYY__72436-1__96TRK_AQ_SP__FT__100__PBS5__v1.csv,XXX-YYYYY
72146-1#########,96TRK_AQ_SP,UCP,PBS14,100,-,1,\\fserver\people\Arne\PYTHON\pyCyte\PlateQC\PlateMaps\\96TRK_AQ_SP\\XXX-YYYYY__72146-1__96TRK_AQ_SP__UCP__100__PBS14__v1.csv,XXX-YYYYY
72546b1#########,96TRK_AQ_SP,FF,PBS14,100,20,1,\\fserver\people\Arne\PYTHON\pyCyte\PlateQC\PlateMaps\\96TRK_AQ_SP\\XXX-YYYYY__72546b1__96TRK_AQ_SP__FF__100__PBS14__20uL__v1.csv,XXX-YYYYY
72546f1#########,96TRK_AQ_SP,FF,PBS14,100,55,1,\\fserver\people\Arne\PYTHON\pyCyte\PlateQC\PlateMaps\\96TRK_AQ_SP\\XXX-YYYYY__72546f1__96TRK_AQ_SP__FF__100__PBS14__55uL__v1.csv,XXX-YYYYY
72546g1#########,96TRK_AQ_SP,FF,PBS14,100,95,1,\\fserver\people\Arne\PYTHON\pyCyte\PlateQC\PlateMaps\\96TRK_AQ_SP\\XXX-YYYYY__72546g1__96TRK_AQ_SP__FF__100__PBS14__95uL__v1.csv,XXX-YYYYY
72446-1#########,96TRK_AQ_SP,FT,PBS14,100,-,1,\\fserver\people\Arne\PYTHON\pyCyte\PlateQC\PlateMaps\\96TRK_AQ_SP\\XXX-YYYYY__72446-1__96TRK_AQ_SP__FT__100__PBS14__v1.csv,XXX-YYYYY
72156-1#########,96TRK_AQ_SP,UCP,PBS200,100,-,1,\\fserver\people\Arne\PYTHON\pyCyte\PlateQC\PlateMaps\\96TRK_AQ_SP\\XXX-YYYYY__72156-1__96TRK_AQ_SP__UCP__100__PBS200__v1.csv,XXX-YYYYY
72556b1#########,96TRK_AQ_SP,FF,PBS200,100,20,1,\\fserver\people\Arne\PYTHON\pyCyte\PlateQC\PlateMaps\\96TRK_AQ_SP\\XXX-YYYYY__72556b1__96TRK_AQ_SP__FF__100__PBS200__20uL__v1.csv,XXX-YYYYY
72556f1#########,96TRK_AQ_SP,FF,PBS200,100,55,1,\\fserver\people\Arne\PYTHON\pyCyte\PlateQC\PlateMaps\\96TRK_AQ_SP\\XXX-YYYYY__72556f1__96TRK_AQ_SP__FF__100__PBS200__55uL__v1.csv,XXX-YYYYY
72556g1#########,96TRK_AQ_SP,FF,PBS200,100,95,1,\\fserver\people\Arne\PYTHON\pyCyte\PlateQC\PlateMaps\\96TRK_AQ_SP\\XXX-YYYYY__72556g1__96TRK_AQ_SP__FF__100__PBS200__95uL__v1.csv,XXX-YYYYY
72456-1#########,96TRK_AQ_SP,FT,PBS200,100,-,1,\\fserver\people\Arne\PYTHON\pyCyte\PlateQC\PlateMaps\\96TRK_AQ_SP\\XXX-YYYYY__72456-1__96TRK_AQ_SP__FT__100__PBS200__v1.csv,XXX-YYYYY
Version,Vol,Fluid,Conc,Style,Arena Part Number,BarCode,Filename,PlateType
